Date,North (mm),East (mm)
2007-09-20,0.00,0.00
2007-09-21,-0.80,2.57
2007-10-13,-3.47,-1.66
2007-10-14,1.09,-0.02
2007-10-15,1.15,0.46
2007-10-16,2.19,2.30
2007-10-17,1.47,0.59
2007-10-18,1.50,0.51
2007-10-19,1.83,0.64
2007-10-20,0.82,2.00
2007-10-21,3.92,0.40
2007-10-22,1.36,0.42
2007-10-23,2.58,1.59
2007-10-24,1.40,1.69
2007-10-25,1.28,0.79
2007-10-26,2.75,0.88
2007-10-27,1.48,0.53
2007-10-28,2.49,1.29
2007-10-29,1.74,-0.07
2007-10-30,2.44,0.73
2007-10-31,2.84,0.17
2007-11-01,3.44,0.66
2007-11-02,2.91,0.48
2007-11-03,2.99,1.06
2007-11-04,2.44,0.47
2007-11-05,3.48,0.29
2007-11-06,2.67,-0.10
2007-11-07,2.73,-0.45
2007-11-08,1.69,-0.80
2007-11-09,2.91,-0.57
2007-11-10,2.71,-1.57
2007-11-11,3.45,-0.45
2007-11-12,4.24,0.24
2007-11-13,4.19,-1.22
2007-11-14,2.16,-0.29
2007-11-15,3.09,-0.16
2007-11-16,4.24,-1.75
2007-11-17,4.15,-1.00
2007-11-18,4.22,-1.26
2007-11-19,5.09,-1.11
2007-11-20,4.84,-0.89
2007-11-21,4.16,-1.32
2007-11-22,4.97,-1.30
2007-11-23,6.11,-1.29
2007-11-24,4.77,-1.69
2007-11-25,4.39,-1.99
2007-11-26,4.56,-1.31
2007-11-27,4.70,-1.46
2007-11-28,5.45,-1.93
2007-11-29,4.69,-2.49
2007-11-30,4.28,-2.35
2007-12-01,4.83,-3.27
2007-12-02,6.07,-1.77
2007-12-03,6.90,-2.60
2007-12-04,4.27,-1.18
2007-12-05,3.36,-0.43
2007-12-06,6.72,-1.98
2007-12-07,7.14,-3.60
2007-12-08,5.67,-1.60
2007-12-09,4.53,-4.05
2007-12-10,6.85,-2.38
2007-12-11,5.01,-1.39
2007-12-12,6.14,-1.78
2007-12-13,6.85,-1.72
2007-12-14,6.31,-1.83
2007-12-15,6.46,-1.36
2007-12-16,6.41,-2.34
2007-12-17,5.78,-2.16
2007-12-18,5.81,-2.67
2007-12-19,5.69,-2.50
2007-12-20,6.81,-1.79
2007-12-21,6.77,-0.61
2007-12-22,7.18,-2.93
2007-12-23,6.11,-1.13
2007-12-24,8.43,-2.30
2007-12-25,7.01,-2.07
2007-12-26,5.41,-1.60
2007-12-27,6.17,-2.52
2007-12-28,6.97,-2.32
2007-12-29,6.12,-2.85
2007-12-30,7.17,-2.84
2007-12-31,7.41,-1.31
2008-01-01,6.85,-2.62
2008-01-02,7.28,-2.44
2008-01-03,5.87,-2.78
2008-01-04,8.38,-4.26
2008-01-05,6.19,-3.92
2008-01-06,7.20,-3.11
2008-01-07,7.29,-3.67
2008-01-08,8.21,-2.33
2008-01-09,6.84,-1.91
2008-01-10,8.20,-2.61
2008-01-11,7.01,-2.55
2008-01-12,8.23,-2.68
2008-01-13,7.38,-2.52
2008-01-14,7.27,-2.47
2008-01-15,8.18,-3.51
2008-01-16,7.37,-2.85
2008-01-17,8.90,-3.65
2008-01-18,7.30,-3.44
2008-01-19,7.94,-2.42
2008-01-20,7.22,-3.54
2008-01-21,7.20,-3.18
2008-01-22,7.40,-3.10
2008-01-23,7.72,-2.40
2008-01-24,7.59,-2.91
2008-01-25,7.44,-3.34
2008-01-26,7.29,-4.31
2008-01-27,8.01,-4.69
2008-01-28,8.24,-3.43
2008-01-29,8.42,-1.75
2008-01-30,7.17,-2.62
2008-01-31,8.47,-1.83
2008-02-01,8.87,-3.88
2008-02-02,7.97,-2.45
2008-02-03,8.00,-2.68
2008-02-04,9.09,-2.84
2008-02-05,9.01,-1.95
2008-02-06,10.61,-3.30
2008-02-07,8.75,-3.54
2008-02-08,7.70,-3.06
2008-02-09,9.74,-1.71
2008-02-10,9.26,-2.48
2008-02-11,7.24,-2.63
2008-02-12,10.15,-2.42
2008-02-13,8.63,-3.13
2008-02-14,9.56,-3.71
2008-02-15,10.91,-3.61
2008-02-16,7.98,-3.13
2008-02-17,8.89,-3.28
2008-02-18,8.74,-3.84
2008-02-19,7.61,-4.72
2008-02-20,8.68,-4.78
2008-02-21,8.97,-3.93
2008-02-22,9.69,-4.69
2008-02-23,9.26,-3.79
2008-02-24,8.41,-4.36
2008-02-25,8.69,-4.09
2008-02-26,9.13,-3.85
2008-02-27,9.52,-4.33
2008-02-28,9.93,-5.75
2008-02-29,8.45,-5.08
2008-03-01,9.45,-4.70
2008-03-02,10.52,-2.97
2008-03-03,11.23,-4.47
2008-03-04,9.78,-3.58
2008-03-05,9.89,-4.64
2008-03-06,10.13,-4.30
2008-03-07,10.57,-4.86
2008-03-08,10.27,-4.97
2008-03-09,9.65,-5.06
2008-03-10,10.37,-5.17
2008-03-11,10.23,-5.54
2008-03-12,10.67,-5.94
2008-03-13,9.24,-4.56
2008-03-14,10.59,-4.62
2008-03-15,10.46,-6.04
2008-03-16,10.88,-7.79
2008-03-17,9.91,-5.07
2008-03-18,10.10,-5.78
2008-03-19,11.54,-5.88
2008-03-20,11.09,-5.10
2008-03-21,11.95,-5.27
2008-03-22,11.91,-6.35
2008-03-23,10.88,-6.78
2008-03-24,11.33,-6.11
2008-03-25,10.01,-5.99
2008-03-26,8.78,-6.65
2008-03-27,11.11,-6.66
2008-03-28,11.11,-7.27
2008-03-29,11.15,-6.72
2008-03-30,12.33,-6.94
2008-03-31,11.70,-5.76
2008-04-01,11.49,-6.83
2008-04-02,12.30,-6.89
2008-04-03,12.09,-6.43
2008-04-04,11.58,-5.77
2008-04-05,12.02,-8.05
2008-04-06,11.25,-6.50
2008-04-07,12.10,-7.41
2008-04-08,12.09,-7.33
2008-04-09,11.27,-7.99
2008-04-10,12.13,-6.44
2008-04-11,12.13,-7.42
2008-04-12,12.19,-8.12
2008-04-13,12.90,-6.50
2008-04-14,11.69,-7.85
2008-04-15,12.97,-7.88
2008-04-16,12.42,-7.91
2008-04-17,12.37,-7.66
2008-04-18,13.27,-8.37
2008-04-19,11.44,-8.90
2008-04-20,12.18,-7.21
2008-04-21,12.45,-6.97
2008-04-22,11.55,-6.76
2008-04-23,12.04,-5.93
2008-04-24,13.24,-7.34
2008-04-25,13.07,-5.32
2008-04-26,12.46,-6.90
2008-04-27,12.86,-8.11
2008-04-28,11.21,-7.68
2008-04-29,13.68,-7.92
2008-04-30,12.04,-8.22
2008-05-01,13.31,-7.75
2008-05-02,11.80,-6.87
2008-05-03,12.49,-7.93
2008-05-04,12.17,-7.97
2008-05-05,12.98,-8.23
2008-05-06,12.64,-8.52
2008-05-07,13.06,-8.36
2008-05-08,12.99,-8.81
2008-05-09,13.20,-8.51
2008-05-10,12.66,-7.33
2008-05-11,13.20,-8.09
2008-05-12,11.54,-8.77
2008-05-13,12.13,-9.70
2008-05-14,13.88,-9.22
2008-05-15,12.70,-9.38
2008-05-16,12.63,-8.28
2008-05-17,13.82,-8.47
2008-05-18,13.09,-9.02
2008-05-19,13.03,-8.85
2008-05-20,13.17,-9.21
2008-05-21,13.47,-9.27
2008-05-22,13.75,-8.75
2008-05-23,12.54,-8.36
2008-05-24,14.32,-9.61
2008-05-25,14.21,-9.02
2008-05-26,13.29,-9.16
2008-05-27,12.75,-8.50
2008-05-28,13.59,-9.20
2008-05-29,13.74,-8.26
2008-05-30,14.39,-8.77
2008-05-31,15.99,-8.60
2008-06-01,14.90,-9.14
2008-06-02,14.84,-9.18
2008-06-03,14.31,-7.75
2008-06-04,13.27,-7.45
2008-06-05,13.78,-9.44
2008-06-06,15.86,-9.90
2008-06-07,14.71,-9.11
2008-06-08,15.53,-8.89
2008-06-09,14.81,-9.03
2008-06-10,14.47,-9.71
2008-06-11,14.86,-9.65
2008-06-12,14.99,-9.03
2008-06-13,15.51,-8.73
2008-06-14,16.49,-8.71
2008-06-15,15.23,-8.87
2008-06-16,15.39,-8.89
2008-06-17,15.00,-10.08
2008-06-18,16.14,-8.91
2008-06-19,17.17,-9.11
2008-06-20,15.64,-9.80
2008-06-21,16.05,-10.86
2008-06-22,15.25,-9.99
2008-06-23,15.08,-9.74
2008-06-24,15.88,-8.98
2008-06-25,15.84,-10.13
2008-06-26,16.88,-9.78
2008-06-27,16.28,-11.09
2008-06-28,15.37,-9.86
2008-06-29,17.64,-10.18
2008-06-30,17.71,-9.74
2008-07-01,16.95,-10.77
2008-07-02,15.89,-10.21
2008-07-03,16.27,-11.22
2008-07-04,15.77,-12.32
2008-07-05,17.16,-9.48
2008-07-06,16.66,-10.06
2008-07-07,16.50,-11.46
2008-07-08,16.47,-11.27
2008-07-09,16.39,-11.84
2008-07-10,15.98,-10.72
2008-07-11,17.74,-10.92
2008-07-12,16.18,-12.17
2008-07-13,16.40,-11.14
2008-07-14,16.59,-10.94
2008-07-15,16.70,-9.57
2008-07-16,16.45,-11.09
2008-07-17,17.76,-11.77
2008-07-18,17.71,-10.85
2008-07-19,16.58,-11.38
2008-07-20,17.75,-11.61
2008-07-21,17.76,-11.44
2008-07-22,17.07,-11.58
2008-07-23,17.93,-10.96
2008-07-24,17.87,-11.14
2008-07-25,16.87,-12.20
2008-07-26,17.29,-11.60
2008-07-27,18.01,-12.73
2008-07-28,18.37,-12.67
2008-07-29,17.77,-11.51
2008-07-30,17.41,-11.61
2008-07-31,17.45,-12.19
2008-08-01,17.10,-12.18
2008-08-02,17.96,-12.88
2008-08-03,18.19,-12.30
2008-08-04,18.20,-11.73
2008-08-05,18.25,-10.91
2008-08-06,18.83,-13.36
2008-08-07,18.41,-12.97
2008-08-08,19.56,-12.79
2008-08-09,19.07,-12.88
2008-08-10,18.54,-13.38
2008-08-11,18.65,-12.53
2008-08-12,18.95,-13.22
2008-08-13,19.64,-13.47
2008-08-14,19.02,-13.02
2008-08-15,19.10,-13.35
2008-08-16,18.22,-14.02
2008-08-17,19.42,-13.34
2008-08-18,17.26,-13.99
2008-08-19,19.66,-13.46
2008-08-20,18.02,-14.62
2008-08-21,19.46,-14.46
2008-08-22,19.68,-14.56
2008-08-23,18.54,-14.19
2008-08-24,19.17,-13.74
2008-08-25,19.91,-14.45
2008-08-26,19.25,-13.30
2008-08-27,19.21,-14.69
2008-08-28,19.19,-13.98
2008-08-29,19.93,-14.65
2008-08-30,18.36,-14.43
2008-08-31,19.14,-14.86
2008-09-01,21.97,-14.76
2008-09-02,20.39,-15.06
2008-09-03,19.56,-13.70
2008-09-04,19.92,-14.62
2008-09-05,19.76,-14.88
2008-09-06,19.74,-14.80
2008-09-07,19.50,-13.58
2008-09-08,19.45,-14.99
2008-09-09,19.94,-15.28
2008-09-10,19.85,-15.26
2008-09-11,19.34,-15.52
2008-09-12,19.65,-15.27
2008-09-13,21.00,-14.81
2008-09-14,20.11,-15.18
2008-09-15,19.37,-14.25
2008-09-16,20.65,-14.51
2008-09-17,19.93,-16.46
2008-09-18,20.63,-14.27
2008-09-19,20.85,-15.78
2008-09-20,20.52,-15.26
2008-09-21,20.68,-14.47
2008-09-22,21.48,-16.50
2008-09-23,21.18,-15.12
2008-09-24,20.28,-15.04
2008-09-25,20.30,-14.95
2008-09-26,20.93,-15.19
2008-09-27,21.27,-14.90
2008-09-28,19.95,-15.57
2008-09-29,20.37,-15.38
2008-09-30,21.25,-15.67
2008-10-01,21.16,-14.86
2008-10-02,21.33,-14.77
2008-10-03,20.95,-16.24
2008-10-04,21.40,-17.18
2008-10-05,20.95,-17.55
2008-10-06,22.14,-14.97
2008-10-07,20.70,-15.45
2008-10-08,22.30,-15.74
2008-10-09,21.07,-16.40
2008-10-10,20.73,-15.91
2008-10-11,18.86,-16.40
2008-10-12,20.05,-16.25
2008-10-13,20.67,-15.98
2008-10-14,20.74,-15.11
2008-10-15,21.16,-14.84
2008-10-16,21.72,-15.36
2008-10-17,22.52,-15.86
2008-10-18,22.04,-16.58
2008-10-19,21.70,-15.72
2008-10-20,21.24,-15.54
2008-10-21,21.31,-15.17
2008-10-22,21.26,-15.47
2008-10-23,22.10,-15.67
2008-10-24,22.90,-15.97
2008-10-25,22.50,-16.09
2008-10-26,22.28,-16.56
2008-10-27,22.15,-16.54
2008-10-28,21.56,-15.79
2008-10-29,21.17,-16.15
2008-10-30,23.16,-16.76
2008-10-31,22.87,-16.83
2008-11-01,22.67,-17.32
2008-11-02,22.96,-15.79
2008-11-03,22.97,-18.05
2008-11-04,22.75,-16.75
2008-11-05,23.17,-17.30
2008-11-06,23.07,-16.68
2008-11-07,21.86,-16.75
2008-11-08,22.25,-17.84
2008-11-09,22.22,-15.43
2008-11-10,24.03,-17.86
2008-11-11,23.90,-16.84
2008-11-12,24.69,-17.00
2008-11-13,22.66,-16.54
2008-11-14,24.74,-17.32
2008-11-15,22.32,-16.97
2008-11-16,23.99,-16.72
2008-11-17,23.37,-16.48
2008-11-18,23.10,-16.84
2008-11-19,22.67,-17.18
2008-11-20,22.88,-17.25
2008-11-21,23.43,-16.46
2008-11-22,24.44,-17.47
2008-11-23,24.37,-17.46
2008-11-24,23.29,-17.21
2008-11-25,24.98,-17.27
2008-11-26,24.39,-17.89
2008-11-27,24.46,-18.23
2008-11-28,24.31,-17.98
2008-11-29,24.84,-16.10
2008-11-30,24.20,-18.23
2008-12-01,24.18,-17.60
2008-12-02,24.52,-16.73
2008-12-03,23.44,-17.31
2008-12-04,24.03,-17.08
2008-12-05,25.37,-16.96
2008-12-06,24.75,-17.45
2008-12-07,24.16,-17.59
2008-12-08,25.55,-17.69
2008-12-09,25.14,-17.97
2008-12-10,25.63,-17.31
2008-12-11,24.85,-17.16
2008-12-12,24.26,-17.75
2008-12-13,24.41,-17.60
2008-12-14,24.81,-17.33
2008-12-15,23.68,-18.50
2008-12-16,24.29,-18.04
2008-12-17,24.54,-17.96
2008-12-18,24.84,-18.84
2008-12-19,25.53,-18.02
2008-12-20,25.13,-17.85
2008-12-21,26.17,-18.67
2008-12-22,26.06,-17.76
2008-12-23,24.81,-18.35
2008-12-24,25.21,-18.86
2008-12-25,26.42,-18.68
2008-12-26,25.96,-18.94
2008-12-27,26.67,-17.31
2008-12-28,25.96,-17.97
2008-12-29,25.09,-18.13
2008-12-30,24.95,-18.61
2008-12-31,25.25,-18.50
2009-01-01,25.65,-18.74
2009-01-02,26.49,-18.56
2009-01-03,25.84,-19.04
2009-01-04,24.45,-18.98
2009-01-05,26.25,-19.29
2009-01-06,25.50,-18.65
2009-01-07,24.33,-18.60
2009-01-08,26.38,-19.31
2009-01-09,26.31,-18.63
2009-01-10,26.54,-18.71
2009-01-11,26.53,-18.57
2009-01-12,27.37,-17.86
2009-01-13,26.64,-18.01
2009-01-14,25.38,-19.39
2009-01-15,25.34,-19.40
2009-01-16,26.02,-19.50
2009-01-17,26.37,-19.67
2009-01-18,27.96,-19.38
2009-01-19,26.52,-18.05
2009-01-20,25.00,-18.34
2009-01-21,25.15,-19.26
2009-01-22,24.89,-19.50
2009-01-23,25.91,-19.28
2009-01-24,26.65,-19.36
2009-01-25,26.04,-18.77
2009-01-26,26.03,-20.03
2009-01-27,27.05,-17.88
2009-01-28,26.53,-19.20
2009-01-29,28.17,-17.88
2009-01-30,27.03,-19.44
2009-01-31,26.63,-18.54
2009-02-01,26.00,-18.98
2009-02-02,27.46,-19.67
2009-02-03,26.99,-19.61
2009-02-04,26.18,-20.09
2009-02-05,26.66,-20.32
2009-02-06,25.95,-21.06
2009-02-07,26.27,-20.89
2009-02-08,26.28,-22.05
2009-02-09,26.37,-19.90
2009-02-10,27.41,-21.17
2009-02-11,27.34,-20.43
2009-02-12,26.80,-20.28
2009-02-13,26.02,-19.91
2009-02-14,26.02,-19.92
2009-02-15,26.81,-20.93
2009-02-16,28.34,-22.01
2009-02-17,28.32,-22.10
2009-02-18,27.45,-19.84
2009-02-19,27.27,-20.29
2009-02-20,27.73,-20.08
2009-02-21,28.13,-21.01
2009-02-22,28.37,-21.57
2009-02-23,27.30,-21.20
2009-02-24,29.30,-20.95
2009-02-25,26.55,-21.93
2009-02-26,28.62,-20.93
2009-02-27,29.13,-20.24
2009-02-28,27.93,-21.11
2009-03-01,27.64,-20.33
2009-03-02,30.32,-23.89
2009-03-03,30.71,-22.36
2009-03-04,28.45,-22.06
2009-03-05,28.72,-20.89
2009-03-06,28.50,-20.58
2009-03-07,29.40,-21.61
2009-03-08,28.92,-22.02
2009-03-09,29.01,-21.48
2009-03-10,29.37,-21.39
2009-03-11,29.03,-21.64
2009-03-12,28.77,-21.99
2009-03-13,28.67,-22.15
2009-03-14,29.65,-22.73
2009-03-15,31.14,-22.04
2009-03-16,29.42,-22.45
2009-03-17,29.54,-23.27
2009-03-18,29.17,-21.99
2009-03-19,29.37,-22.79
2009-03-20,29.98,-22.43
2009-03-21,29.91,-23.27
2009-03-22,30.02,-20.80
2009-03-23,29.89,-21.51
2009-03-24,31.81,-21.60
2009-03-25,31.27,-22.71
2009-03-26,31.78,-22.42
2009-03-27,31.50,-24.18
2009-03-28,30.45,-23.39
2009-03-29,28.96,-22.82
2009-03-30,29.85,-23.94
2009-03-31,31.64,-24.43
2009-04-01,31.60,-24.49
2009-04-02,30.89,-23.79
2009-04-03,31.10,-22.78
2009-04-04,30.27,-23.55
2009-04-05,31.02,-23.75
2009-04-06,30.94,-22.87
2009-04-07,31.18,-23.65
2009-04-08,31.21,-23.43
2009-04-09,32.05,-23.17
2009-04-10,30.67,-23.92
2009-04-11,31.29,-23.56
2009-04-12,30.97,-23.60
2009-04-13,32.28,-23.12
2009-04-14,30.37,-23.19
2009-04-15,30.63,-22.04
2009-04-16,31.07,-24.49
2009-04-17,31.87,-23.56
2009-04-18,32.04,-23.05
2009-04-19,29.94,-24.34
2009-04-20,31.45,-24.62
2009-04-21,30.87,-23.65
2009-04-22,30.51,-24.55
2009-04-23,31.14,-23.24
2009-04-24,30.82,-23.83
2009-04-25,31.47,-24.72
2009-04-26,30.91,-25.43
2009-04-27,31.25,-23.41
2009-04-28,31.53,-23.43
2009-04-29,31.55,-23.59
2009-04-30,31.30,-24.08
2009-05-01,31.45,-24.45
2009-05-02,31.72,-23.49
2009-05-03,33.14,-23.05
2009-05-04,33.66,-24.13
2009-05-05,33.56,-22.74
2009-05-06,32.49,-24.22
2009-05-07,33.43,-23.10
2009-05-08,31.58,-23.48
2009-05-09,31.68,-24.01
2009-05-10,32.55,-24.48
2009-05-11,31.19,-23.68
2009-05-12,32.66,-23.71
2009-05-13,31.63,-24.05
2009-05-14,32.83,-23.24
2009-05-15,33.43,-24.97
2009-05-16,33.33,-24.99
2009-05-17,33.47,-24.27
2009-05-18,33.30,-25.36
2009-05-19,33.46,-24.48
2009-05-20,33.40,-24.35
2009-05-21,34.02,-25.53
2009-05-22,33.08,-24.26
2009-05-23,33.43,-25.52
2009-05-24,32.89,-25.55
2009-05-25,32.94,-25.48
2009-05-26,33.19,-24.95
2009-05-27,33.48,-24.99
2009-05-28,33.35,-24.30
2009-05-29,33.67,-25.66
2009-05-30,32.71,-26.07
2009-05-31,33.91,-25.40
2009-06-01,33.53,-25.88
2009-06-02,34.02,-25.34
2009-06-03,34.29,-24.37
2009-06-04,33.57,-25.71
2009-06-05,34.27,-25.62
2009-06-06,34.27,-25.99
2009-06-07,34.37,-25.39
2009-06-08,34.39,-25.06
2009-06-09,35.03,-26.70
2009-06-10,34.57,-26.60
2009-06-11,34.13,-25.83
2009-06-12,32.78,-25.40
2009-06-13,34.06,-26.88
2009-06-14,34.41,-26.29
2009-06-15,34.00,-26.59
2009-06-16,35.88,-25.44
2009-06-17,34.73,-26.02
2009-06-18,35.10,-25.51
2009-06-19,34.63,-26.29
2009-06-20,34.65,-27.69
2009-06-21,34.65,-27.00
2009-06-22,35.24,-26.84
2009-06-23,33.88,-26.09
2009-06-24,35.17,-26.92
2009-06-25,34.51,-26.98
2009-06-26,34.79,-27.00
2009-06-27,34.51,-26.62
2009-06-28,35.06,-27.13
2009-06-29,34.63,-26.07
2009-06-30,33.80,-26.01
2009-07-01,34.75,-26.96
2009-07-02,35.31,-27.21
2009-07-03,35.81,-25.92
2009-07-04,35.24,-26.53
2009-07-05,34.68,-26.91
2009-07-06,35.49,-26.90
2009-07-07,35.09,-27.89
2009-07-08,35.14,-28.43
2009-07-09,35.69,-26.54
2009-07-10,36.14,-27.47
2009-07-11,36.48,-27.20
2009-07-12,34.43,-28.77
2009-07-13,36.38,-26.84
2009-07-14,35.61,-26.96
2009-07-15,35.62,-27.58
2009-07-16,36.54,-27.60
2009-07-17,35.10,-27.59
2009-07-18,35.56,-27.27
2009-07-19,36.10,-26.36
2009-07-20,34.93,-29.51
2009-07-21,35.86,-27.96
2009-07-22,35.33,-27.63
2009-07-23,35.98,-27.82
2009-07-24,36.02,-28.78
2009-07-25,35.88,-28.00
2009-07-26,35.37,-27.92
2009-07-27,36.57,-28.04
2009-07-28,36.38,-28.60
2009-07-29,36.60,-29.64
2009-07-30,36.80,-28.44
2009-07-31,36.02,-30.06
2009-08-01,36.73,-29.08
2009-08-02,37.03,-29.48
2009-08-03,37.02,-28.91
2009-08-04,36.86,-29.45
2009-08-05,36.30,-29.24
2009-08-06,36.41,-30.39
2009-08-07,37.10,-30.39
2009-08-08,36.22,-29.75
2009-08-09,37.10,-29.85
2009-08-10,37.35,-29.65
2009-08-11,37.65,-29.24
2009-08-12,38.63,-29.53
2009-08-13,36.98,-29.38
2009-08-14,37.90,-30.50
2009-08-15,37.58,-30.57
2009-08-16,38.32,-29.44
2009-08-17,38.23,-29.84
2009-08-18,37.51,-29.43
2009-08-19,37.53,-30.02
2009-08-20,37.71,-29.73
2009-08-21,38.07,-28.72
2009-08-22,37.82,-29.22
2009-08-23,37.26,-30.53
2009-08-24,37.45,-30.93
2009-08-25,37.66,-29.75
2009-08-26,37.90,-30.10
2009-08-27,37.13,-29.91
2009-08-28,37.73,-29.17
2009-08-29,37.00,-29.15
2009-08-30,37.98,-30.64
2009-08-31,37.35,-30.18
2009-09-01,37.53,-29.71
2009-09-02,36.55,-30.31
2009-09-03,38.10,-30.83
2009-09-04,37.14,-31.28
2009-09-05,38.01,-32.42
2009-09-06,40.39,-31.68
2009-09-07,37.86,-32.24
2009-09-08,37.25,-31.03
2009-09-09,37.49,-30.93
2009-09-10,37.74,-30.98
2009-09-11,37.59,-31.86
2009-09-12,38.29,-31.54
2009-09-13,38.06,-30.72
2009-09-14,38.63,-33.00
2009-09-15,38.15,-30.92
2009-09-16,37.99,-30.59
2009-09-17,38.57,-30.82
2009-09-18,38.03,-31.46
2009-09-19,38.87,-30.73
2009-09-20,39.16,-31.24
2009-09-21,38.03,-31.09
2009-09-22,39.86,-32.04
2009-09-23,38.36,-31.44
2009-09-24,38.84,-32.37
2009-09-25,38.89,-31.40
2009-09-26,39.58,-31.03
2009-09-27,38.91,-31.07
2009-09-28,38.70,-31.41
2009-09-29,35.28,-32.76
2009-09-30,39.03,-31.95
2009-10-01,40.40,-31.57
2009-10-02,39.84,-32.34
2009-10-03,39.82,-31.59
2009-10-04,39.50,-30.96
2009-10-05,38.71,-32.05
2009-10-06,40.35,-31.54
2009-10-07,39.56,-31.80
2009-10-08,39.97,-31.31
2009-10-09,40.01,-32.21
2009-10-10,39.11,-31.59
2009-10-11,39.01,-32.64
2009-10-12,39.73,-33.72
2009-10-13,40.89,-32.31
2009-10-14,43.03,-31.76
2009-10-15,41.97,-32.58
2009-10-16,39.78,-31.18
2009-10-17,39.42,-33.51
2009-10-18,40.44,-32.63
2009-10-19,40.87,-30.91
2009-10-20,39.84,-32.19
2009-10-21,40.69,-32.83
2009-10-22,41.27,-32.11
2009-10-23,40.17,-31.62
2009-10-24,38.95,-31.95
2009-10-25,40.33,-32.26
2009-10-26,41.20,-32.47
2009-10-27,40.39,-33.26
2009-10-28,39.10,-30.43
2009-10-29,40.51,-32.18
2009-10-30,40.68,-32.34
2009-10-31,41.46,-32.11
2009-11-01,41.23,-31.96
2009-11-02,40.81,-31.77
2009-11-03,40.69,-32.03
2009-11-04,41.48,-32.54
2009-11-05,42.22,-32.65
2009-11-06,42.52,-33.91
2009-11-07,40.61,-33.59
2009-11-08,41.12,-33.60
2009-11-09,41.03,-33.83
2009-11-10,42.60,-33.08
2009-11-11,42.93,-33.26
2009-11-12,42.25,-33.63
2009-11-13,41.86,-33.66
2009-11-14,41.89,-33.51
2009-11-15,41.94,-33.45
2009-11-16,42.41,-33.02
2009-11-17,42.15,-33.44
2009-11-18,42.13,-31.40
2009-11-19,41.44,-33.48
2009-11-20,43.05,-34.65
2009-11-21,43.36,-33.66
2009-11-22,42.74,-34.40
2009-11-23,43.12,-33.84
2009-11-24,42.43,-34.07
2009-11-25,42.07,-34.11
2009-11-26,42.75,-34.47
2009-11-27,43.53,-34.72
2009-11-28,41.74,-35.22
2009-11-29,44.23,-33.52
2009-11-30,43.05,-34.33
2009-12-01,43.74,-34.67
2009-12-02,42.85,-33.64
2009-12-03,42.92,-34.12
2009-12-04,42.64,-33.92
2009-12-05,42.76,-33.33
2009-12-06,42.46,-33.62
2009-12-07,42.72,-34.24
2009-12-08,43.70,-34.85
2009-12-09,43.89,-33.76
2009-12-10,43.16,-34.69
2009-12-11,42.05,-35.36
2009-12-12,43.28,-34.78
2009-12-13,43.06,-33.90
2009-12-14,44.08,-33.55
2009-12-15,42.13,-34.53
2009-12-16,42.83,-35.10
2009-12-17,43.31,-34.54
2009-12-18,43.04,-34.54
2009-12-19,42.81,-33.92
2009-12-20,45.42,-35.29
2009-12-21,43.03,-34.28
2009-12-22,42.45,-34.99
2009-12-23,43.08,-34.42
2009-12-24,44.52,-33.33
2009-12-25,42.92,-33.80
2009-12-26,43.58,-33.84
2009-12-27,42.63,-34.91
2009-12-28,43.93,-34.00
2009-12-29,43.39,-34.50
2009-12-30,43.02,-35.63
2009-12-31,44.04,-33.67
2010-01-01,44.63,-33.42
2010-01-02,44.95,-34.96
2010-01-03,43.80,-35.16
2010-01-04,44.71,-34.10
2010-01-05,44.35,-34.81
2010-01-06,43.58,-35.05
2010-01-07,45.27,-34.49
2010-01-08,45.42,-33.67
2010-01-09,46.09,-34.16
2010-01-10,45.46,-34.13
2010-01-11,43.70,-34.58
2010-01-12,46.59,-34.04
2010-01-13,46.32,-34.77
2010-01-14,45.77,-35.06
2010-01-15,44.43,-35.40
2010-01-16,45.17,-35.06
2010-01-17,46.52,-34.34
2010-01-18,43.40,-37.17
2010-01-19,45.40,-36.28
2010-01-20,45.26,-36.73
2010-01-21,46.42,-36.26
2010-01-22,45.75,-36.76
2010-01-23,44.04,-36.82
2010-01-24,46.26,-34.73
2010-01-25,47.49,-35.56
2010-01-26,46.47,-37.76
2010-01-27,46.66,-35.86
2010-01-28,46.76,-36.49
2010-01-29,46.43,-36.29
2010-01-30,44.82,-35.76
2010-01-31,46.15,-35.90
2010-02-01,46.17,-34.81
2010-02-02,45.81,-36.09
2010-02-03,46.55,-37.00
2010-02-04,45.91,-36.96
2010-02-05,45.84,-37.68
2010-02-06,46.74,-37.79
2010-02-07,46.61,-36.83
2010-02-08,45.17,-36.84
2010-02-09,47.31,-36.94
2010-02-10,47.07,-36.01
2010-02-11,46.82,-36.69
2010-02-12,47.26,-35.33
2010-02-13,47.53,-36.62
2010-02-14,44.95,-35.80
2010-02-15,46.47,-36.79
2010-02-16,47.86,-37.55
2010-02-17,47.05,-36.69
2010-02-18,46.61,-36.96
2010-02-19,46.41,-37.17
2010-02-20,46.55,-37.06
2010-02-21,47.69,-36.06
2010-02-22,47.77,-37.21
2010-02-23,48.19,-35.94
2010-02-24,48.00,-37.26
2010-02-25,47.12,-36.88
2010-02-26,47.30,-37.84
2010-02-27,48.01,-37.08
2010-02-28,48.51,-37.68
2010-03-01,46.26,-37.08
2010-03-02,48.42,-39.29
2010-03-03,48.54,-38.32
2010-03-04,47.80,-38.90
2010-03-05,48.58,-37.71
2010-03-06,48.39,-37.94
2010-03-07,47.11,-38.13
2010-03-08,48.59,-38.74
2010-03-09,47.94,-37.62
2010-03-10,48.46,-37.84
2010-03-11,48.00,-37.53
2010-03-12,48.66,-38.01
2010-03-13,47.38,-38.02
2010-03-14,49.35,-37.46
2010-03-15,48.61,-36.61
2010-03-16,48.24,-37.04
2010-03-17,49.50,-38.23
2010-03-18,46.89,-38.40
2010-03-19,49.38,-38.64
2010-03-20,49.27,-37.92
2010-03-21,48.82,-38.66
2010-03-22,48.73,-37.20
2010-03-23,49.16,-37.79
2010-03-24,48.14,-39.65
2010-03-25,47.79,-39.26
2010-03-26,50.29,-38.85
2010-03-27,48.92,-37.84
2010-03-28,48.76,-37.55
2010-03-29,48.11,-37.50
2010-03-30,49.21,-39.38
2010-03-31,49.64,-40.41
2010-04-01,49.08,-40.00
2010-04-02,51.63,-39.97
2010-04-03,51.80,-39.20
2010-04-04,48.63,-39.61
2010-04-05,49.69,-39.88
2010-04-06,51.43,-40.21
2010-04-07,49.51,-39.71
2010-04-08,50.54,-39.11
2010-04-09,49.55,-38.34
2010-04-10,50.66,-38.82
2010-04-11,47.53,-40.67
2010-04-12,48.71,-38.49
2010-04-13,48.06,-38.58
2010-04-14,48.64,-39.69
2010-04-15,48.96,-41.39
2010-04-16,48.69,-39.61
2010-04-17,49.99,-40.95
2010-04-18,50.36,-39.29
2010-04-19,46.94,-41.37
2010-04-20,48.58,-39.75
2010-04-21,50.58,-39.82
2010-04-22,50.19,-38.73
2010-04-23,49.89,-40.27
2010-04-24,48.41,-39.02
2010-04-25,51.33,-38.24
2010-04-26,49.88,-40.26
2010-04-27,49.94,-38.31
2010-04-28,53.92,-36.00
2010-04-29,51.33,-39.22
2010-04-30,51.65,-40.79
2010-05-01,49.41,-38.30
2010-05-02,50.69,-41.37
2010-05-03,51.11,-37.17
2010-05-04,50.37,-38.24
2010-05-05,51.09,-37.87
2010-05-06,51.27,-38.40
2010-05-07,48.39,-37.68
2010-05-08,50.42,-39.50
2010-05-09,52.19,-39.40
2010-05-10,52.80,-39.43
2010-05-11,52.27,-40.72
2010-05-12,50.43,-39.50
2010-05-13,51.10,-39.56
2010-05-14,51.52,-39.30
2010-05-15,51.89,-40.33
2010-05-16,50.92,-42.18
2010-05-17,47.80,-39.47
2010-05-18,53.06,-39.78
2010-05-19,51.36,-42.28
2010-05-20,51.81,-39.55
2010-05-21,50.31,-39.78
2010-05-22,53.35,-39.78
2010-05-23,50.11,-39.44
2010-05-24,51.54,-40.74
2010-05-25,52.37,-40.09
2010-05-26,52.02,-41.53
2010-05-27,52.94,-40.28
2010-05-28,52.26,-38.71
2010-05-29,51.44,-38.54
2010-05-30,53.10,-39.45
2010-05-31,51.89,-39.14
2010-06-01,52.37,-40.69
2010-06-02,53.11,-40.23
2010-06-03,52.54,-39.24
2010-06-04,51.40,-41.57
2010-06-05,55.01,-39.68
2010-06-06,51.88,-38.90
2010-06-07,52.96,-40.15
2010-06-08,52.52,-40.68
2010-06-09,54.75,-38.64
2010-06-10,55.58,-42.55
2010-06-11,53.72,-40.72
2010-06-12,52.72,-41.96
2010-06-13,53.92,-40.14
2010-06-14,50.70,-38.97
2010-06-15,53.20,-39.33
2010-06-16,54.74,-41.25
2010-06-17,55.12,-40.96
2010-06-18,53.75,-43.67
2010-06-19,52.35,-42.03
2010-06-20,52.70,-41.98
2010-06-21,55.16,-42.09
2010-06-22,53.33,-41.54
2010-06-23,53.73,-43.66
2010-06-24,54.46,-42.13
2010-06-25,54.34,-43.27
2010-06-26,54.79,-42.10
2010-06-27,54.84,-42.17
2010-06-28,55.07,-41.71
2010-06-29,51.59,-41.38
2010-06-30,53.46,-41.66
2010-07-01,53.95,-41.90
2010-07-02,55.99,-42.28
2010-07-03,54.69,-43.13
2010-07-04,56.85,-43.90
2010-07-05,53.51,-43.65
2010-07-06,55.09,-42.31
2010-07-07,56.86,-43.13
2010-07-08,58.14,-42.38
2010-07-09,56.68,-42.49
2010-07-10,57.42,-41.58
2010-07-11,57.53,-43.88
2010-07-12,57.29,-43.69
2010-07-13,58.97,-43.50
2010-07-14,58.04,-43.03
2010-07-15,57.81,-43.61
2010-07-16,58.08,-42.41
2010-07-17,57.43,-42.79
2010-07-18,56.89,-43.03
2010-07-19,56.99,-43.41
2010-07-20,58.41,-43.89
2010-07-21,58.54,-44.00
2010-07-22,58.37,-43.35
2010-07-23,57.80,-42.74
2010-07-24,57.81,-44.08
2010-07-25,58.19,-44.12
2010-07-26,58.89,-44.46
2010-07-27,59.34,-43.67
2010-07-28,59.05,-43.91
2010-07-29,58.25,-43.80
2010-07-30,58.42,-43.73
2010-07-31,58.93,-43.84
2010-08-01,59.36,-43.86
2010-08-02,58.43,-44.18
2010-08-03,58.14,-43.42
2010-08-04,58.76,-44.39
2010-08-05,58.48,-44.02
2010-08-06,58.39,-44.25
2010-08-07,58.59,-44.52
2010-08-08,58.25,-44.65
2010-08-09,58.20,-44.76
2010-08-10,57.25,-43.89
2010-08-11,57.74,-44.89
2010-08-12,58.38,-44.70
2010-08-13,58.51,-44.51
2010-08-14,58.60,-44.23
2010-08-15,58.97,-44.27
2010-08-16,58.52,-44.36
2010-08-17,57.70,-44.11
2010-08-18,58.54,-45.02
2010-08-19,58.80,-43.54
2010-08-20,58.35,-44.81
2010-08-21,59.37,-44.21
2010-08-22,59.23,-46.03
2010-08-23,58.57,-44.76
2010-08-24,59.09,-44.85
2010-08-25,59.05,-45.10
2010-08-26,59.09,-44.82
2010-08-27,58.51,-45.79
2010-08-28,59.20,-45.61
2010-08-29,58.44,-46.59
2010-08-30,59.01,-46.17
2010-08-31,59.08,-45.72
2010-09-01,58.58,-45.14
2010-09-02,57.93,-45.66
2010-09-03,58.78,-45.42
2010-09-04,59.08,-44.95
2010-09-05,59.63,-45.51
2010-09-06,59.50,-45.60
2010-09-07,59.24,-46.80
2010-09-08,59.61,-46.78
2010-09-09,60.57,-45.52
2010-09-10,61.38,-44.44
2010-09-11,60.28,-45.93
2010-09-12,59.36,-46.11
2010-09-13,59.96,-45.18
2010-09-14,59.35,-45.43
2010-09-15,59.71,-45.53
2010-09-16,60.11,-45.84
2010-09-17,59.41,-46.08
2010-09-18,59.65,-47.38
2010-09-19,59.75,-46.40
2010-09-20,60.26,-46.13
2010-09-21,59.27,-46.80
2010-09-22,58.70,-47.28
2010-09-23,60.73,-46.35
2010-09-24,59.93,-47.00
2010-09-25,60.88,-46.68
2010-09-26,61.27,-46.03
2010-09-27,60.28,-46.65
2010-09-28,61.33,-46.64
2010-09-29,60.28,-46.17
2010-09-30,60.10,-46.76
2010-10-01,60.67,-45.72
2010-10-02,60.36,-44.82
2010-10-03,60.90,-46.17
2010-10-04,60.06,-46.23
2010-10-05,61.27,-45.90
2010-10-06,62.37,-45.98
2010-10-07,61.59,-47.27
2010-10-08,60.56,-46.17
2010-10-09,61.20,-46.56
2010-10-10,60.82,-45.96
2010-10-11,61.13,-46.88
2010-10-12,61.27,-46.03
2010-10-13,61.31,-46.63
2010-10-14,61.13,-46.88
2010-10-15,61.52,-46.15
2010-10-16,61.55,-46.78
2010-10-17,61.86,-45.44
2010-10-18,61.96,-48.27
2010-10-19,61.72,-47.38
2010-10-20,61.61,-46.96
2010-10-21,62.17,-48.45
2010-10-22,61.87,-48.12
2010-10-23,60.82,-47.97
2010-10-24,62.55,-48.12
2010-10-25,63.03,-47.86
2010-10-26,64.45,-48.32
2010-10-27,63.60,-48.31
2010-10-28,63.03,-47.70
2010-10-29,61.26,-49.20
2010-10-30,63.67,-48.20
2010-10-31,62.78,-47.29
2010-11-01,62.63,-47.68
2010-11-02,63.30,-46.89
2010-11-03,63.14,-47.03
2010-11-04,63.62,-47.60
2010-11-05,63.03,-48.04
2010-11-06,63.16,-48.27
2010-11-07,63.21,-47.64
2010-11-08,62.23,-48.64
2010-11-09,62.61,-48.20
2010-11-10,63.31,-48.11
2010-11-11,63.95,-47.56
2010-11-12,64.79,-46.80
2010-11-13,62.13,-47.10
2010-11-14,57.83,-47.17
2010-11-15,62.33,-47.26
2010-11-16,64.53,-46.90
2010-11-17,64.42,-46.78
2010-11-18,64.29,-48.19
2010-11-19,63.45,-48.75
2010-11-20,62.43,-48.17
2010-11-21,63.24,-47.50
2010-11-22,62.88,-48.90
2010-11-23,64.28,-48.65
2010-11-24,64.80,-48.09
2010-11-25,65.34,-48.04
2010-11-26,65.47,-48.20
2010-11-27,63.21,-47.79
2010-11-28,64.63,-47.09
2010-11-29,64.53,-48.04
2010-11-30,64.84,-48.24
2010-12-01,64.19,-48.68
2010-12-02,64.58,-48.76
2010-12-03,65.27,-48.40
2010-12-04,64.51,-48.60
2010-12-05,64.45,-48.13
2010-12-06,64.75,-48.81
2010-12-07,64.10,-48.66
2010-12-08,64.49,-48.65
2010-12-09,64.94,-47.68
2010-12-10,64.68,-48.39
2010-12-11,64.59,-46.66
2010-12-12,64.71,-48.65
2010-12-13,63.99,-47.95
2010-12-14,64.15,-49.65
2010-12-15,65.04,-48.57
2010-12-16,63.61,-47.98
2010-12-17,64.37,-49.36
2010-12-18,64.36,-48.27
2010-12-19,65.02,-49.88
2010-12-20,66.77,-48.32
2010-12-21,65.43,-48.74
2010-12-22,64.62,-48.92
2010-12-23,64.55,-48.59
2010-12-24,64.94,-48.09
2010-12-25,64.37,-48.37
2010-12-26,65.89,-48.49
2010-12-27,66.46,-48.81
2010-12-28,65.93,-48.79
2010-12-29,63.98,-47.72
2010-12-30,64.73,-48.25
2010-12-31,65.73,-48.39
2011-01-01,66.30,-48.14
2011-01-02,64.84,-48.05
2011-01-03,66.53,-48.57
2011-01-04,66.28,-48.77
2011-01-05,67.04,-48.39
2011-01-06,65.60,-48.92
2011-01-07,66.25,-49.78
2011-01-08,65.85,-48.69
2011-01-09,66.07,-49.16
2011-01-10,66.59,-49.54
2011-01-11,66.65,-48.75
2011-01-12,68.38,-49.19
2011-01-13,66.49,-49.08
2011-01-14,67.89,-49.72
2011-01-15,67.98,-49.71
2011-01-16,67.57,-49.86
2011-01-17,69.54,-49.20
2011-01-18,68.47,-49.70
2011-01-19,66.13,-49.89
2011-01-20,67.86,-48.88
2011-01-21,68.26,-50.15
2011-01-22,68.05,-50.59
2011-01-23,67.60,-50.55
2011-01-24,68.18,-50.83
2011-01-25,68.23,-50.38
2011-01-26,69.00,-50.65
2011-01-27,68.52,-50.31
2011-01-28,68.30,-50.18
2011-01-29,67.73,-50.09
2011-01-30,68.47,-49.84
2011-01-31,68.69,-49.72
2011-02-01,68.22,-50.89
2011-02-02,67.37,-49.64
2011-02-03,69.25,-50.55
2011-02-04,66.62,-50.98
2011-02-05,67.30,-52.35
2011-02-06,66.03,-53.20
2011-02-07,68.70,-51.16
2011-02-08,66.91,-51.99
2011-02-09,70.69,-50.80
2011-02-10,70.15,-51.11
2011-02-11,69.19,-51.30
2011-02-12,69.49,-51.78
2011-02-13,69.48,-51.40
2011-02-14,69.05,-51.05
2011-02-15,67.95,-51.07
2011-02-16,68.81,-52.61
2011-02-17,69.47,-51.41
2011-02-18,69.85,-52.19
2011-02-19,68.29,-52.10
2011-02-20,69.87,-52.87
2011-02-21,69.97,-52.04
2011-02-22,70.21,-52.34
2011-02-23,69.36,-52.45
2011-02-24,69.30,-51.02
2011-02-25,69.10,-52.06
2011-02-26,70.76,-52.56
2011-02-27,69.50,-52.11
2011-02-28,69.25,-51.93
2011-03-01,69.33,-51.54
2011-03-02,69.82,-52.55
2011-03-03,70.86,-51.28
2011-03-04,69.44,-52.16
2011-03-05,70.08,-51.56
2011-03-06,69.86,-53.09
2011-03-07,70.18,-51.62
2011-03-08,70.70,-52.63
2011-03-09,70.58,-52.44
2011-03-10,71.01,-52.48
2011-03-11,69.59,-52.36
2011-03-12,71.33,-51.93
2011-03-13,69.80,-53.45
2011-03-14,72.08,-52.93
2011-03-15,71.14,-53.70
2011-03-16,72.35,-53.47
2011-03-17,71.41,-52.86
2011-03-18,72.15,-53.07
2011-03-19,70.49,-53.51
2011-03-20,71.11,-54.43
2011-03-21,71.19,-53.03
2011-03-22,71.68,-51.35
2011-03-23,71.82,-52.60
2011-03-24,71.16,-52.81
2011-03-25,71.56,-51.95
2011-03-26,71.42,-53.33
2011-03-27,70.30,-53.58
2011-03-28,71.02,-51.86
2011-03-29,72.16,-52.26
2011-03-30,71.80,-51.86
2011-03-31,72.47,-52.66
2011-04-01,72.34,-52.70
2011-04-02,71.18,-53.14
2011-04-03,71.09,-53.48
2011-04-04,72.25,-52.99
2011-04-05,70.82,-53.45
2011-04-06,71.75,-54.23
2011-04-07,71.07,-53.72
2011-04-08,70.66,-53.82
2011-04-09,73.17,-52.91
2011-04-10,72.86,-53.19
2011-04-11,72.47,-53.30
2011-04-12,71.88,-54.46
2011-04-13,71.36,-52.93
2011-04-14,72.91,-52.38
2011-04-15,72.57,-54.05
2011-04-16,73.41,-54.13
2011-04-17,72.37,-55.36
2011-04-18,71.48,-54.26
2011-04-19,72.51,-54.14
2011-04-20,72.36,-53.16
2011-04-21,71.04,-53.97
2011-04-22,72.19,-54.64
2011-04-23,72.80,-55.10
2011-04-24,72.98,-53.76
2011-04-25,73.08,-54.08
2011-04-26,71.22,-54.05
2011-04-27,73.06,-54.26
2011-04-28,73.40,-55.32
2011-04-29,73.33,-54.31
2011-04-30,70.89,-54.45
2011-05-01,73.00,-54.52
2011-05-02,72.58,-54.52
2011-05-03,73.15,-55.24
2011-05-04,74.12,-54.60
2011-05-05,74.08,-54.61
2011-05-06,72.67,-54.65
2011-05-07,71.08,-55.08
2011-05-08,72.80,-53.12
2011-05-09,73.77,-55.21
2011-05-10,75.22,-55.61
2011-05-11,72.83,-55.62
2011-05-12,73.25,-53.99
2011-05-13,72.80,-54.54
2011-05-14,72.42,-54.97
2011-05-15,73.52,-55.09
2011-05-16,73.28,-55.88
2011-05-17,73.07,-55.71
2011-05-18,73.33,-55.96
2011-05-19,73.15,-55.29
2011-05-20,73.57,-54.99
2011-05-21,73.32,-55.14
2011-05-22,73.84,-55.57
2011-05-23,74.00,-55.54
2011-05-24,72.82,-55.43
2011-05-25,73.08,-56.30
2011-05-26,75.28,-54.00
2011-05-27,73.66,-55.97
2011-05-28,74.13,-54.86
2011-05-29,75.86,-55.98
2011-05-30,73.47,-55.26
2011-05-31,74.76,-54.72
2011-06-01,75.68,-54.88
2011-06-02,75.64,-55.21
2011-06-03,74.96,-55.43
2011-06-04,74.11,-57.41
2011-06-05,75.84,-56.45
2011-06-06,75.02,-55.82
2011-06-07,75.87,-55.81
2011-06-08,75.36,-56.28
2011-06-09,75.36,-55.47
2011-06-10,75.49,-56.42
2011-06-11,75.01,-56.79
2011-06-12,74.59,-56.43
2011-06-13,76.00,-57.07
2011-06-14,75.22,-56.18
2011-06-15,75.28,-55.99
2011-06-16,75.65,-55.92
2011-06-17,75.67,-55.97
2011-06-18,74.32,-56.28
2011-06-19,75.04,-56.91
2011-06-20,74.82,-57.23
2011-06-21,76.92,-57.14
2011-06-22,75.29,-55.90
2011-06-23,74.55,-56.88
2011-06-24,75.68,-57.41
2011-06-25,74.22,-57.62
2011-06-26,74.98,-58.08
2011-06-27,75.63,-57.88
2011-06-28,76.24,-57.48
2011-06-29,74.49,-57.13
2011-06-30,76.29,-56.57
2011-07-01,75.54,-58.32
2011-07-02,76.16,-58.06
2011-07-03,76.48,-57.95
2011-07-04,76.55,-57.38
2011-07-05,76.61,-56.58
2011-07-06,75.27,-57.57
2011-07-07,75.32,-57.41
2011-07-08,76.96,-57.99
2011-07-09,76.48,-57.74
2011-07-10,75.99,-58.33
2011-07-11,77.92,-57.89
2011-07-12,76.67,-57.83
2011-07-13,77.27,-58.54
2011-07-14,76.86,-58.49
2011-07-15,77.03,-58.35
2011-07-16,74.75,-59.18
2011-07-17,77.45,-57.94
2011-07-18,77.37,-59.81
2011-07-19,77.55,-59.61
2011-07-20,77.76,-58.74
2011-07-21,77.32,-57.91
2011-07-22,76.19,-59.33
2011-07-23,77.58,-58.12
2011-07-24,78.70,-58.17
2011-07-25,77.01,-58.32
2011-07-26,77.46,-58.43
2011-07-27,76.84,-58.26
2011-07-28,76.97,-58.76
2011-07-29,77.44,-58.14
2011-07-30,78.28,-59.09
2011-07-31,77.50,-59.19
2011-08-01,78.75,-58.00
2011-08-02,77.24,-58.23
2011-08-03,77.22,-58.47
2011-08-04,78.31,-59.36
2011-08-05,78.77,-59.33
2011-08-06,77.22,-59.64
2011-08-07,76.46,-59.65
2011-08-08,77.97,-58.87
2011-08-09,79.56,-58.70
2011-08-10,78.33,-59.48
2011-08-11,78.93,-59.75
2011-08-12,78.31,-59.59
2011-08-13,77.37,-59.01
2011-08-14,78.27,-59.59
2011-08-15,78.41,-58.99
2011-08-16,77.67,-59.99
2011-08-17,77.88,-60.11
2011-08-18,77.27,-60.39
2011-08-19,77.63,-60.26
2011-08-20,78.03,-60.50
2011-08-21,78.09,-60.77
2011-08-22,79.42,-60.79
2011-08-23,78.64,-60.22
2011-08-24,79.77,-60.99
2011-08-25,79.18,-60.44
2011-08-26,77.84,-61.01
2011-08-27,78.53,-60.41
2011-08-28,78.46,-60.54
2011-08-29,78.54,-60.47
2011-08-30,78.33,-61.15
2011-08-31,79.54,-60.62
2011-09-01,79.23,-60.75
2011-09-02,77.47,-59.82
2011-09-03,78.13,-61.11
2011-09-04,78.34,-61.10
2011-09-05,78.52,-60.20
2011-09-06,79.52,-60.97
2011-09-07,78.95,-60.75
2011-09-08,78.67,-60.16
2011-09-09,78.86,-60.86
2011-09-10,78.72,-61.45
2011-09-11,79.49,-60.96
2011-09-12,79.84,-60.36
2011-09-13,79.33,-61.27
2011-09-14,79.26,-61.71
2011-09-15,79.50,-60.91
2011-09-16,79.14,-61.77
2011-09-17,80.49,-61.11
2011-09-18,80.40,-61.99
2011-09-19,80.12,-61.48
2011-09-20,80.02,-60.37
2011-09-21,79.85,-61.66
2011-09-22,79.61,-61.04
2011-09-23,81.87,-61.05
2011-09-24,80.21,-60.64
2011-09-25,81.49,-60.35
2011-09-26,79.07,-60.98
2011-09-27,80.19,-60.77
2011-09-28,79.81,-60.71
2011-09-29,79.26,-61.51
2011-09-30,79.86,-62.07
2011-10-01,79.99,-61.79
2011-10-02,80.12,-61.95
2011-10-03,78.76,-62.20
2011-10-04,80.21,-61.61
2011-10-05,79.74,-63.76
2011-10-06,81.13,-62.42
2011-10-07,81.35,-62.14
2011-10-08,82.07,-61.97
2011-10-09,80.47,-61.00
2011-10-10,80.52,-62.40
2011-10-11,81.21,-64.18
2011-10-12,81.83,-62.17
2011-10-13,81.16,-62.80
2011-10-14,80.52,-62.81
2011-10-15,81.16,-62.11
2011-10-16,82.02,-62.46
2011-10-17,81.29,-61.78
2011-10-18,81.06,-62.08
2011-10-19,80.57,-62.20
2011-10-20,79.58,-61.80
2011-10-21,80.84,-61.93
2011-10-22,81.36,-62.78
2011-10-23,81.43,-62.14
2011-10-24,81.33,-62.29
2011-10-25,81.94,-62.50
2011-10-26,82.20,-62.28
2011-10-27,82.04,-62.21
2011-10-28,81.65,-61.76
2011-10-29,82.57,-61.64
2011-10-30,82.38,-63.05
2011-10-31,82.42,-63.03
2011-11-01,82.14,-61.47
2011-11-02,81.71,-62.42
2011-11-03,83.06,-63.78
2011-11-04,82.63,-63.46
2011-11-05,82.24,-63.56
2011-11-06,83.80,-63.85
2011-11-07,83.21,-63.61
2011-11-08,82.97,-62.53
2011-11-09,83.26,-62.82
2011-11-10,81.80,-63.13
2011-11-11,82.89,-64.67
2011-11-12,81.83,-64.05
2011-11-13,83.10,-63.91
2011-11-14,82.45,-63.65
2011-11-15,83.27,-63.88
2011-11-16,82.65,-63.11
2011-11-17,82.46,-62.89
2011-11-18,82.94,-64.69
2011-11-19,82.94,-64.36
2011-11-20,83.60,-63.20
2011-11-21,83.62,-64.11
2011-11-22,82.42,-63.77
2011-11-23,81.07,-64.08
2011-11-24,82.48,-65.13
2011-11-25,82.65,-63.32
2011-11-26,82.33,-63.22
2011-11-27,83.60,-62.08
2011-11-28,83.00,-63.46
2011-11-29,81.86,-63.87
2011-11-30,82.51,-63.93
2011-12-01,82.09,-63.13
2011-12-02,81.55,-64.33
2011-12-03,83.68,-64.79
2011-12-04,83.01,-64.08
2011-12-05,84.74,-64.79
2011-12-06,83.58,-64.84
2011-12-07,83.46,-63.97
2011-12-08,82.98,-63.93
2011-12-09,82.25,-64.02
2011-12-10,83.12,-64.03
2011-12-11,83.25,-64.43
2011-12-12,82.83,-65.56
2011-12-13,82.41,-65.25
2011-12-14,82.45,-64.39
2011-12-15,83.95,-64.37
2011-12-16,81.97,-64.45
2011-12-17,83.57,-64.98
2011-12-18,83.53,-63.71
2011-12-19,83.80,-64.69
2011-12-20,84.05,-64.70
2011-12-21,84.19,-64.39
2011-12-22,83.52,-63.71
2011-12-23,85.22,-64.06
2011-12-24,83.99,-64.21
2011-12-25,84.30,-64.73
2011-12-26,84.05,-64.40
2011-12-27,83.75,-64.25
2011-12-28,85.68,-64.00
2011-12-29,84.55,-65.06
2011-12-30,84.09,-66.00
2011-12-31,84.69,-64.84
2012-01-01,86.28,-64.72
2012-01-02,85.77,-65.86
2012-01-03,85.36,-65.60
2012-01-04,85.38,-65.65
2012-01-05,84.69,-65.58
2012-01-06,85.09,-66.01
2012-01-07,85.14,-66.72
2012-01-08,85.02,-65.12
2012-01-09,85.84,-65.56
2012-01-10,84.89,-66.14
2012-01-11,85.64,-66.16
2012-01-12,85.86,-66.45
2012-01-13,85.15,-66.31
2012-01-14,85.65,-65.82
2012-01-15,84.77,-66.04
2012-01-16,84.93,-66.57
2012-01-17,85.57,-66.56
2012-01-18,84.97,-65.91
2012-01-19,84.51,-66.94
2012-01-20,85.06,-67.86
2012-01-21,85.86,-67.38
2012-01-22,86.57,-68.71
2012-01-23,85.55,-67.27
2012-01-24,87.21,-66.47
2012-01-25,86.51,-67.08
2012-01-26,86.67,-66.51
2012-01-27,86.79,-65.81
2012-01-28,86.98,-65.16
2012-01-29,86.31,-66.30
2012-01-30,85.51,-66.59
2012-01-31,85.42,-66.23
2012-02-01,85.40,-66.97
2012-02-02,86.86,-66.71
2012-02-03,85.97,-66.44
2012-02-04,86.59,-66.50
2012-02-05,86.27,-66.92
2012-02-06,87.47,-67.67
2012-02-07,87.24,-67.51
2012-02-08,86.64,-66.86
2012-02-09,85.75,-66.70
2012-02-10,86.37,-66.31
2012-02-11,84.66,-67.72
2012-02-12,86.97,-67.22
2012-02-13,86.97,-67.42
2012-02-14,86.00,-67.11
2012-02-15,87.97,-67.73
2012-02-16,86.58,-67.01
2012-02-17,86.81,-66.89
2012-02-18,86.62,-67.58
2012-02-19,87.50,-67.94
2012-02-20,87.70,-68.01
2012-02-21,87.22,-67.43
2012-02-22,87.29,-68.10
2012-02-23,87.32,-68.03
2012-02-24,88.46,-67.56
2012-02-25,88.42,-68.16
2012-02-26,87.37,-68.07
2012-02-27,86.85,-69.12
2012-02-28,87.71,-69.45
2012-02-29,88.10,-66.85
2012-03-01,87.82,-67.50
2012-03-02,88.63,-68.73
2012-03-03,88.80,-67.44
2012-03-04,87.99,-67.89
2012-03-05,88.38,-68.44
2012-03-06,88.45,-68.67
2012-03-07,86.60,-69.27
2012-03-08,88.49,-67.47
2012-03-09,89.45,-69.10
2012-03-10,88.39,-68.18
2012-03-11,88.73,-69.47
2012-03-12,88.73,-69.24
2012-03-13,88.23,-69.22
2012-03-14,89.18,-70.16
2012-03-15,89.78,-69.19
2012-03-16,90.64,-68.99
2012-03-17,88.10,-69.74
2012-03-18,88.52,-69.20
2012-03-19,90.11,-68.94
2012-03-20,89.82,-69.84
2012-03-21,89.99,-70.18
2012-03-22,87.64,-69.92
2012-03-23,89.16,-68.37
2012-03-24,88.28,-70.05
2012-03-25,89.93,-69.81
2012-03-26,89.32,-70.03
2012-03-27,88.98,-70.05
2012-03-28,90.74,-68.92
2012-03-29,89.81,-69.86
2012-03-30,89.98,-69.26
2012-03-31,89.07,-69.32
2012-04-01,87.95,-70.54
2012-04-02,89.78,-69.37
2012-04-03,89.59,-69.56
2012-04-04,90.67,-69.00
2012-04-05,89.56,-69.02
2012-04-06,91.18,-68.74
2012-04-07,89.77,-69.19
2012-04-08,89.85,-69.82
2012-04-09,89.43,-68.85
2012-04-10,88.86,-71.05
2012-04-11,90.14,-70.14
2012-04-12,90.42,-68.28
2012-04-13,90.34,-70.65
2012-04-14,90.09,-70.11
2012-04-15,90.96,-69.81
2012-04-16,91.46,-69.90
2012-04-17,91.53,-69.37
2012-04-18,91.69,-71.25
2012-04-19,92.47,-71.44
2012-04-20,91.79,-70.26
2012-04-21,91.39,-69.27
2012-04-22,90.03,-69.61
2012-04-23,89.92,-70.33
2012-04-24,90.64,-70.08
2012-04-25,92.00,-71.09
2012-04-26,93.00,-70.71
2012-04-27,92.31,-70.30
2012-04-28,92.03,-70.48
2012-04-29,92.27,-70.21
2012-04-30,91.84,-71.00
2012-05-01,91.67,-70.82
2012-05-02,91.36,-72.27
2012-05-03,91.38,-70.99
2012-05-04,92.33,-70.05
2012-05-05,92.54,-70.04
2012-05-06,92.77,-69.84
2012-05-07,91.73,-71.01
2012-05-08,92.03,-70.08
2012-05-09,91.81,-70.68
2012-05-10,92.18,-70.01
2012-05-11,92.12,-70.17
2012-05-12,91.93,-71.17
2012-05-13,93.17,-70.65
2012-05-14,92.77,-70.58
2012-05-15,93.46,-70.63
2012-05-16,91.61,-71.28
2012-05-17,91.59,-72.30
2012-05-18,92.06,-71.24
2012-05-19,92.29,-70.68
2012-05-20,92.87,-71.12
2012-05-21,93.43,-70.68
2012-05-22,91.68,-71.75
2012-05-23,93.56,-70.22
2012-05-24,93.23,-71.84
2012-05-25,92.46,-70.96
2012-05-26,92.91,-71.63
2012-05-27,93.37,-71.68
2012-05-28,92.65,-72.34
2012-05-29,92.52,-71.90
2012-05-30,93.29,-71.27
2012-05-31,94.44,-71.36
2012-06-01,93.86,-72.19
2012-06-02,93.80,-72.33
2012-06-03,92.63,-72.66
2012-06-04,93.88,-70.62
2012-06-05,93.36,-72.08
2012-06-06,94.48,-71.49
2012-06-07,93.61,-72.14
2012-06-08,95.00,-72.52
2012-06-09,95.04,-71.73
2012-06-10,95.30,-72.60
2012-06-11,93.89,-72.61
2012-06-12,92.50,-72.45
2012-06-13,94.35,-71.33
2012-06-14,93.12,-73.23
2012-06-15,94.64,-73.27
2012-06-16,95.16,-72.59
2012-06-17,95.63,-72.98
2012-06-18,94.81,-73.69
2012-06-19,94.42,-74.33
2012-06-20,95.05,-73.10
2012-06-21,94.39,-74.62
2012-06-22,93.67,-74.08
2012-06-23,94.86,-72.79
2012-06-24,94.82,-73.62
2012-06-25,94.16,-73.13
2012-06-26,94.21,-74.20
2012-06-27,94.17,-73.01
2012-06-28,95.88,-73.49
2012-06-29,95.23,-73.32
2012-06-30,95.72,-73.74
2012-07-01,95.39,-73.88
2012-07-02,95.76,-73.52
2012-07-03,95.84,-73.78
2012-07-04,94.60,-72.54
2012-07-05,95.20,-73.67
2012-07-06,95.32,-73.72
2012-07-07,97.02,-73.59
2012-07-08,95.15,-73.71
2012-07-09,95.81,-73.82
2012-07-10,95.33,-73.38
2012-07-11,95.81,-73.35
2012-07-12,94.92,-74.00
2012-07-13,96.01,-74.03
2012-07-14,97.32,-74.58
2012-07-15,96.39,-73.91
2012-07-16,95.61,-74.77
2012-07-17,96.64,-73.89
2012-07-18,96.09,-74.51
2012-07-19,97.78,-73.58
2012-07-20,98.04,-74.36
2012-07-21,95.91,-74.69
2012-07-22,95.77,-73.91
2012-07-23,95.79,-75.37
2012-07-24,95.45,-73.77
2012-07-25,95.21,-74.40
2012-07-26,97.61,-74.86
2012-07-27,96.14,-75.36
2012-07-28,96.51,-74.38
2012-07-29,96.77,-74.57
2012-07-30,96.17,-74.80
2012-07-31,97.23,-74.28
2012-08-01,95.34,-73.35
2012-08-02,96.42,-74.62
2012-08-03,95.59,-76.38
2012-08-04,95.13,-75.19
2012-08-05,97.45,-74.38
2012-08-06,95.61,-74.92
2012-08-07,97.39,-75.22
2012-08-08,96.77,-75.38
2012-08-09,97.24,-75.57
2012-08-10,96.39,-76.02
2012-08-11,96.70,-75.29
2012-08-12,96.58,-75.50
2012-08-13,96.99,-75.22
2012-08-14,96.92,-76.02
2012-08-15,96.18,-76.35
2012-08-16,97.06,-75.57
2012-08-17,96.60,-75.01
2012-08-18,96.29,-75.04
2012-08-19,96.86,-75.56
2012-08-20,96.17,-75.39
2012-08-21,97.19,-76.14
2012-08-22,97.05,-75.82
2012-08-23,97.01,-76.35
2012-08-24,96.35,-76.47
2012-08-25,97.21,-77.40
2012-08-26,96.94,-76.14
2012-08-27,96.98,-75.61
2012-08-28,97.55,-75.99
2012-08-29,96.89,-75.25
2012-08-30,98.20,-75.48
2012-08-31,96.54,-76.86
2012-09-01,95.97,-75.87
2012-09-02,97.79,-75.36
2012-09-03,97.76,-76.84
2012-09-04,97.88,-75.79
2012-09-05,97.76,-77.20
2012-09-06,97.13,-74.67
2012-09-07,96.85,-74.87
2012-09-08,97.06,-77.34
2012-09-09,99.06,-76.57
2012-09-10,97.67,-76.09
2012-09-11,98.53,-76.70
2012-09-12,98.96,-76.40
2012-09-13,98.32,-77.34
2012-09-14,98.52,-76.72
2012-09-15,99.36,-77.56
2012-09-16,98.30,-77.28
2012-09-17,97.49,-77.20
2012-09-18,98.90,-78.10
2012-09-19,98.15,-77.63
2012-09-20,99.19,-77.51
2012-09-21,98.31,-77.95
2012-09-22,98.59,-76.83
2012-09-23,98.73,-77.21
2012-09-24,99.17,-78.75
2012-09-25,99.08,-76.91
2012-09-26,99.72,-77.91
2012-09-27,99.24,-78.35
2012-09-28,98.98,-77.99
2012-09-29,98.71,-78.68
2012-09-30,99.41,-77.63
2012-10-01,100.44,-77.49
2012-10-02,100.01,-77.31
2012-10-03,99.51,-78.50
2012-10-04,98.40,-76.71
2012-10-05,98.63,-78.51
2012-10-06,99.38,-77.00
2012-10-07,99.88,-77.93
2012-10-08,99.38,-78.53
2012-10-09,99.24,-78.41
2012-10-10,99.38,-78.54
2012-10-11,98.21,-79.02
2012-10-12,99.65,-78.87
2012-10-13,100.83,-78.00
2012-10-14,100.15,-77.85
2012-10-15,101.54,-78.69
2012-10-16,100.52,-78.16
2012-10-17,101.13,-78.32
2012-10-18,100.89,-78.20
2012-10-19,101.35,-77.79
2012-10-20,100.52,-78.54
2012-10-21,99.10,-79.36
2012-10-22,100.14,-78.96
2012-10-23,100.32,-76.86
2012-10-24,100.94,-77.39
2012-10-25,101.30,-77.53
2012-10-26,100.76,-77.78
2012-10-27,99.93,-79.23
2012-10-28,100.82,-78.98
2012-10-29,99.96,-78.35
2012-10-30,100.88,-78.66
2012-10-31,99.49,-79.43
2012-11-01,101.48,-79.06
2012-11-02,100.80,-78.76
2012-11-03,100.15,-78.75
2012-11-04,101.35,-78.65
2012-11-05,101.90,-78.85
2012-11-06,100.63,-78.24
2012-11-07,100.78,-78.88
2012-11-08,102.35,-76.89
2012-11-09,101.06,-80.26
2012-11-10,100.71,-79.21
2012-11-11,101.58,-80.00
2012-11-12,101.57,-79.56
2012-11-13,100.89,-78.60
2012-11-14,101.17,-78.12
2012-11-15,101.50,-79.01
2012-11-16,100.46,-81.20
2012-11-17,101.35,-79.92
2012-11-18,101.61,-80.60
2012-11-19,101.02,-79.23
2012-11-20,102.07,-80.31
2012-11-21,101.94,-78.46
2012-11-22,100.44,-79.67
2012-11-23,101.40,-79.34
2012-11-24,100.78,-78.70
2012-11-25,101.43,-80.07
2012-11-26,101.69,-79.33
2012-11-27,100.83,-80.01
2012-11-28,100.54,-80.28
2012-11-29,102.99,-78.96
2012-11-30,101.18,-81.16
2012-12-01,101.97,-82.20
2012-12-02,103.42,-80.24
2012-12-03,101.86,-79.29
2012-12-04,102.69,-80.00
2012-12-05,103.52,-78.93
2012-12-06,103.87,-79.67
2012-12-07,103.37,-79.59
2012-12-08,104.32,-79.98
2012-12-09,104.88,-79.67
2012-12-10,104.83,-80.54
2012-12-11,103.98,-80.88
2012-12-12,104.83,-79.89
2012-12-13,102.89,-80.94
2012-12-14,102.64,-80.87
2012-12-15,102.71,-80.50
2012-12-16,103.93,-81.37
2012-12-17,104.18,-79.24
2012-12-18,103.44,-81.66
2012-12-19,104.07,-80.87
2012-12-20,104.54,-79.59
2012-12-21,104.16,-81.51
2012-12-22,104.72,-80.83
2012-12-23,104.35,-80.06
2012-12-24,104.25,-81.80
2012-12-25,104.16,-80.70
2012-12-26,103.78,-81.13
2012-12-27,105.50,-80.99
2012-12-28,105.29,-81.93
2012-12-29,105.04,-81.96
2012-12-30,105.61,-81.45
2012-12-31,105.54,-81.71
2013-01-01,104.12,-83.09
2013-01-02,105.84,-81.78
2013-01-03,106.65,-81.71
2013-01-04,104.66,-81.65
2013-01-05,105.10,-82.61
2013-01-06,105.27,-82.45
2013-01-07,105.77,-81.90
2013-01-08,105.22,-82.30
2013-01-09,106.47,-81.91
2013-01-10,103.54,-82.44
2013-01-11,104.79,-81.90
2013-01-12,104.31,-82.61
2013-01-13,105.42,-82.42
2013-01-14,102.51,-81.69
2013-01-15,105.86,-82.09
2013-01-16,106.29,-81.41
2013-01-17,106.58,-82.11
2013-01-18,106.36,-81.30
2013-01-19,106.49,-81.63
2013-01-20,105.61,-81.41
2013-01-21,106.33,-82.24
2013-01-22,106.51,-82.57
2013-01-23,106.43,-82.70
2013-01-24,106.70,-82.82
2013-01-25,107.89,-82.43
2013-01-26,105.60,-82.37
2013-01-27,106.81,-82.59
2013-01-28,106.52,-84.08
2013-01-29,106.41,-82.17
2013-01-30,107.58,-83.58
2013-01-31,107.43,-82.02
2013-02-01,106.76,-83.30
2013-02-02,106.00,-83.19
2013-02-03,107.01,-83.62
2013-02-04,106.79,-83.11
2013-02-05,106.05,-83.35
2013-02-06,106.38,-83.86
2013-02-07,106.58,-83.52
2013-02-08,106.99,-83.90
2013-02-09,106.50,-83.85
2013-02-10,107.22,-83.34
2013-02-11,105.38,-82.83
2013-02-12,107.99,-83.69
2013-02-13,107.64,-83.25
2013-02-14,106.60,-84.95
2013-02-15,108.08,-83.84
2013-02-16,108.17,-83.67
2013-02-17,107.64,-84.12
2013-02-18,107.26,-83.95
2013-02-19,105.85,-84.34
2013-02-20,106.27,-85.17
2013-02-21,107.31,-84.63
2013-02-22,107.95,-84.86
2013-02-23,107.42,-83.96
2013-02-24,106.04,-83.67
2013-02-25,107.77,-84.96
2013-02-26,106.54,-83.68
2013-02-27,107.97,-83.63
2013-02-28,108.90,-84.14
2013-03-01,107.52,-83.92
2013-03-02,107.93,-84.35
2013-03-03,108.11,-84.67
2013-03-04,107.84,-84.82
2013-03-05,106.65,-85.96
2013-03-06,109.02,-84.98
2013-03-07,108.16,-84.91
2013-03-08,108.74,-84.61
2013-03-09,108.06,-85.33
2013-03-10,109.57,-83.37
2013-03-11,108.64,-84.69
2013-03-12,108.13,-84.53
2013-03-13,107.04,-84.85
2013-03-14,106.43,-84.30
2013-03-15,107.08,-84.15
2013-03-16,108.05,-84.33
2013-03-17,108.15,-83.57
2013-03-18,109.14,-84.48
2013-03-19,107.68,-84.69
2013-03-20,108.58,-84.80
2013-03-21,107.81,-84.76
2013-03-22,108.75,-84.37
2013-03-23,109.75,-84.74
2013-03-24,108.67,-84.81
2013-03-25,108.08,-84.82
2013-03-26,106.51,-85.33
2013-03-27,107.79,-84.86
2013-03-28,107.65,-84.03
2013-03-29,108.49,-84.94
2013-03-30,109.34,-84.13
2013-03-31,108.91,-85.50
2013-04-01,107.53,-84.80
2013-04-02,108.72,-84.68
2013-04-03,108.25,-84.70
2013-04-04,109.53,-84.89
2013-04-05,108.83,-85.09
2013-04-06,110.25,-85.07
2013-04-07,109.47,-85.76
2013-04-08,108.01,-83.98
2013-04-09,109.60,-85.82
2013-04-10,108.99,-86.35
2013-04-11,109.06,-85.56
2013-04-12,108.85,-85.92
2013-04-13,109.24,-84.96
2013-04-14,106.75,-85.17
2013-04-15,108.88,-85.24
2013-04-16,109.68,-85.95
2013-04-17,109.27,-86.07
2013-04-18,109.22,-85.81
2013-04-19,110.08,-85.41
2013-04-20,109.38,-86.68
2013-04-21,110.33,-86.06
2013-04-22,110.53,-86.07
2013-04-23,109.66,-86.40
2013-04-24,109.21,-85.86
2013-04-25,109.35,-85.47
2013-04-26,109.61,-86.47
2013-04-27,109.61,-86.14
2013-04-28,109.33,-85.75
2013-04-29,109.49,-87.63
2013-04-30,110.82,-87.43
2013-05-01,110.31,-85.67
2013-05-02,110.34,-86.51
2013-05-03,110.37,-86.86
2013-05-04,110.13,-87.35
2013-05-05,111.83,-86.89
2013-05-06,110.73,-88.14
2013-05-07,110.50,-87.51
2013-05-08,110.34,-86.66
2013-05-09,110.21,-86.14
2013-05-10,110.34,-86.12
2013-05-11,110.93,-86.19
2013-05-12,112.16,-86.58
2013-05-13,110.96,-86.15
2013-05-14,111.56,-87.05
2013-05-15,109.51,-87.06
2013-05-16,111.33,-87.84
2013-05-17,111.16,-88.87
2013-05-18,111.11,-88.73
2013-05-19,111.65,-87.32
2013-05-20,112.03,-87.33
2013-05-21,110.67,-87.91
2013-05-22,111.24,-89.06
2013-05-23,111.67,-87.93
2013-05-24,112.54,-87.91
2013-05-25,109.21,-88.51
2013-05-26,110.75,-87.82
2013-05-27,112.28,-88.84
2013-05-28,113.05,-87.24
2013-05-29,113.64,-86.88
2013-05-30,112.87,-88.48
2013-05-31,111.67,-86.55
2013-06-01,112.14,-87.43
2013-06-02,111.59,-89.00
2013-06-03,112.97,-88.70
2013-06-04,111.64,-88.96
2013-06-05,112.37,-88.40
2013-06-06,113.14,-88.15
2013-06-07,112.14,-88.66
2013-06-08,113.13,-89.21
2013-06-09,113.14,-89.68
2013-06-10,111.66,-90.62
2013-06-11,113.40,-88.21
2013-06-12,112.39,-89.71
2013-06-13,114.78,-88.78
2013-06-14,113.64,-88.86
2013-06-15,113.06,-89.14
2013-06-16,113.83,-88.11
2013-06-17,113.17,-89.64
2013-06-18,115.40,-89.60
2013-06-19,114.79,-89.25
2013-06-20,114.20,-88.77
2013-06-21,114.64,-88.79
2013-06-22,113.91,-88.92
2013-06-23,114.26,-90.10
2013-06-24,113.54,-89.87
2013-06-25,114.65,-89.42
2013-06-26,114.68,-89.63
2013-06-27,114.28,-89.25
2013-06-28,114.17,-88.63
2013-06-29,113.90,-89.51
2013-06-30,114.04,-89.70
2013-07-01,113.79,-90.25
2013-07-02,113.59,-89.57
2013-07-03,113.79,-90.29
2013-07-04,113.97,-90.67
2013-07-05,113.82,-90.20
2013-07-06,116.90,-90.41
2013-07-07,114.09,-90.46
2013-07-08,113.98,-90.63
2013-07-09,114.39,-89.72
2013-07-10,113.07,-89.52
2013-07-11,115.22,-90.10
2013-07-12,113.79,-90.32
2013-07-13,113.51,-90.38
2013-07-14,113.47,-90.67
2013-07-15,113.98,-90.96
2013-07-16,114.29,-90.91
2013-07-17,114.53,-91.48
2013-07-18,114.50,-90.22
2013-07-19,113.81,-90.90
2013-07-20,113.43,-90.75
2013-07-21,113.45,-91.46
2013-07-22,114.50,-91.62
2013-07-23,115.52,-90.27
2013-07-24,115.52,-90.72
2013-07-25,114.82,-91.33
2013-07-26,114.29,-90.18
2013-07-27,115.24,-90.66
2013-07-28,116.09,-91.28
2013-07-29,115.97,-92.27
2013-07-30,115.25,-90.84
2013-07-31,115.28,-91.14
2013-08-01,115.10,-91.34
2013-08-02,115.35,-90.72
2013-08-03,114.84,-91.44
2013-08-04,114.13,-90.80
2013-08-05,115.39,-91.12
2013-08-06,115.10,-91.05
2013-08-07,114.88,-92.70
2013-08-08,115.17,-91.80
2013-08-09,115.65,-92.04
2013-08-10,116.67,-92.13
2013-08-11,115.76,-91.60
2013-08-12,116.79,-91.02
2013-08-13,115.38,-91.43
2013-08-14,115.33,-91.02
2013-08-15,116.23,-92.76
2013-08-16,116.93,-90.12
2013-08-17,115.83,-91.45
2013-08-18,116.50,-92.11
2013-08-19,117.47,-92.28
2013-08-20,116.88,-92.39
2013-08-21,118.04,-90.89
2013-08-22,116.16,-92.68
2013-08-23,117.59,-92.10
2013-08-24,118.00,-91.71
2013-08-25,115.47,-93.26
2013-08-26,116.16,-93.41
2013-08-27,115.29,-91.43
2013-08-28,116.14,-91.23
2013-08-29,117.15,-92.15
2013-08-30,117.04,-92.03
2013-08-31,116.22,-92.75
2013-09-01,117.27,-92.28
2013-09-02,116.26,-92.26
2013-09-03,118.75,-92.76
2013-09-04,117.62,-92.58
2013-09-05,117.03,-92.58
2013-09-06,116.23,-92.38
2013-09-07,117.27,-93.32
2013-09-08,118.12,-91.94
2013-09-09,117.67,-93.19
2013-09-10,117.95,-92.46
2013-09-11,117.18,-93.03
2013-09-12,116.68,-92.16
2013-09-13,118.02,-92.15
2013-09-14,117.75,-92.63
2013-09-15,116.97,-93.37
2013-09-16,116.65,-92.77
2013-09-17,116.88,-94.72
2013-09-18,118.47,-92.35
2013-09-19,117.68,-92.82
2013-09-20,117.91,-93.25
2013-09-21,117.98,-93.84
2013-09-22,118.40,-91.60
2013-09-23,118.39,-92.95
2013-09-24,118.64,-92.56
2013-09-25,117.81,-94.01
2013-09-26,117.80,-93.79
2013-09-27,119.21,-92.80
2013-09-28,117.44,-93.54
2013-09-29,119.52,-92.78
2013-09-30,119.36,-92.88
2013-10-01,119.52,-92.94
2013-10-02,118.43,-92.99
2013-10-03,117.93,-93.44
2013-10-04,119.48,-94.45
2013-10-05,119.70,-93.53
2013-10-06,119.14,-93.05
2013-10-07,120.51,-93.24
2013-10-08,119.56,-93.28
2013-10-09,116.97,-94.25
2013-10-10,118.35,-92.87
2013-10-11,118.61,-93.99
2013-10-12,119.38,-93.21
2013-10-13,118.36,-93.95
2013-10-14,118.99,-92.10
2013-10-15,119.12,-92.29
2013-10-16,118.90,-93.47
2013-10-17,120.69,-93.46
2013-10-18,118.73,-93.30
2013-10-19,119.28,-93.10
2013-10-20,119.40,-93.34
2013-10-21,118.72,-94.49
2013-10-22,119.14,-93.08
2013-10-23,118.66,-93.61
2013-10-24,118.80,-93.75
2013-10-25,119.32,-94.32
2013-10-26,118.45,-92.83
2013-10-27,119.43,-92.54
2013-10-28,118.69,-93.28
2013-10-29,118.74,-93.67
2013-10-30,118.86,-94.12
2013-10-31,119.94,-93.40
2013-11-01,119.53,-92.37
2013-11-02,119.82,-93.31
2013-11-03,118.71,-93.55
2013-11-04,119.48,-94.15
2013-11-05,119.84,-93.80
2013-11-06,119.50,-93.90
2013-11-07,120.03,-93.92
2013-11-08,119.98,-94.28
2013-11-09,118.74,-93.35
2013-11-10,119.06,-94.14
2013-11-11,119.90,-93.29
2013-11-12,118.60,-93.13
2013-11-13,119.04,-93.65
2013-11-14,118.99,-93.77
2013-11-15,119.87,-93.18
2013-11-16,119.91,-94.09
2013-11-17,118.77,-93.54
2013-11-18,118.64,-92.75
2013-11-19,119.70,-94.88
2013-11-20,120.52,-94.41
2013-11-21,120.15,-93.37
2013-11-22,119.87,-95.55
2013-11-23,121.69,-94.06
2013-11-24,119.62,-94.12
2013-11-25,120.83,-93.48
2013-11-26,120.77,-93.63
2013-11-27,121.33,-93.70
2013-11-28,120.37,-94.06
2013-11-29,120.48,-94.62
2013-11-30,120.23,-94.03
2013-12-01,119.85,-94.37
2013-12-03,118.97,-94.56
2013-12-04,120.32,-95.33
2013-12-05,120.64,-95.34
2013-12-06,120.10,-94.12
2013-12-07,120.75,-93.76
2013-12-08,122.02,-95.09
2013-12-09,123.49,-95.48
2013-12-10,121.91,-94.64
2013-12-11,123.01,-94.41
2013-12-12,122.38,-95.25
2013-12-13,122.02,-94.69
2013-12-14,123.33,-95.11
2013-12-15,123.67,-95.16
2013-12-16,122.80,-95.39
2013-12-17,124.02,-95.34
2013-12-18,122.01,-95.76
2013-12-19,121.42,-97.47
2013-12-20,122.80,-96.86
2013-12-21,123.63,-96.52
2013-12-22,122.46,-96.40
2013-12-23,122.66,-95.64
2013-12-24,122.56,-96.24
2013-12-25,122.63,-96.50
2013-12-26,122.80,-96.05
2013-12-27,123.64,-95.46
2013-12-28,122.70,-96.53
2013-12-29,122.54,-95.52
2013-12-30,121.45,-95.82
2013-12-31,122.43,-95.89
2014-01-01,123.52,-96.33
2014-01-02,122.14,-97.24
2014-01-03,122.42,-96.21
2014-01-04,123.08,-96.36
2014-01-05,122.64,-96.81
2014-01-06,123.57,-96.92
2014-01-07,123.14,-96.78
2014-01-08,123.34,-96.80
2014-01-09,124.12,-97.74
2014-01-10,123.15,-97.22
2014-01-11,123.72,-96.83
2014-01-12,124.69,-96.26
2014-01-13,124.09,-96.67
2014-01-14,123.60,-97.79
2014-01-15,122.66,-96.45
2014-01-16,122.98,-96.08
2014-01-17,123.70,-97.26
2014-01-18,123.14,-96.98
2014-01-19,123.61,-97.82
2014-01-20,123.76,-97.08
2014-01-21,123.70,-97.52
2014-01-22,123.48,-97.36
2014-01-23,122.73,-97.24
2014-01-24,123.92,-97.51
2014-01-25,123.76,-97.97
2014-01-26,124.07,-97.68
2014-01-27,123.37,-97.23
2014-01-28,123.14,-95.96
2014-01-29,124.99,-98.93
2014-01-30,124.53,-98.66
2014-01-31,124.00,-98.86
2014-02-01,124.08,-98.41
2014-02-02,124.44,-98.80
2014-02-03,125.47,-99.11
2014-02-04,123.62,-97.05
2014-02-05,123.64,-98.10
2014-02-06,124.43,-98.42
2014-02-07,123.37,-98.00
2014-02-08,124.79,-95.82
2014-02-09,127.43,-94.73
2014-02-10,124.99,-97.49
2014-02-11,124.89,-98.20
2014-02-12,126.23,-97.84
2014-02-13,126.08,-97.21
2014-02-14,126.09,-97.57
2014-02-15,126.44,-98.16
2014-02-16,127.70,-98.19
2014-02-17,125.87,-98.06
2014-02-18,125.51,-98.02
2014-02-19,126.32,-98.48
2014-02-20,125.02,-97.54
2014-02-21,125.30,-97.83
2014-02-22,125.96,-98.24
2014-02-23,123.63,-97.70
2014-02-24,124.68,-98.70
2014-02-25,125.18,-99.08
2014-02-26,126.29,-98.12
2014-02-27,124.79,-98.72
2014-02-28,124.67,-98.99
2014-03-01,124.89,-99.29
2014-03-02,126.49,-99.03
2014-03-03,125.43,-97.95
2014-03-04,126.17,-98.53
2014-03-05,124.68,-99.51
2014-03-06,127.28,-98.26
2014-03-07,125.45,-99.39
2014-03-08,126.44,-98.63
2014-03-09,127.20,-97.75
2014-03-10,126.90,-98.48
2014-03-11,128.28,-97.92
2014-03-12,123.72,-99.97
2014-03-13,126.89,-99.08
2014-03-14,126.95,-99.34
2014-03-15,127.16,-98.76
2014-03-16,126.23,-98.34
2014-03-17,125.79,-99.85
2014-03-18,126.88,-99.49
2014-03-19,127.46,-98.99
2014-03-20,127.40,-100.16
2014-03-21,126.75,-99.56
2014-03-22,126.53,-99.21
2014-03-23,126.69,-99.49
2014-03-24,127.18,-99.48
2014-03-25,126.91,-98.96
2014-03-26,125.77,-99.68
2014-03-27,126.26,-98.59
2014-03-28,127.20,-99.65
2014-03-29,127.98,-100.08
2014-03-30,125.44,-100.21
2014-03-31,126.17,-99.90
2014-04-01,126.89,-99.89
2014-04-02,127.20,-99.95
2014-04-03,127.34,-100.19
2014-04-04,127.39,-99.80
2014-04-05,127.91,-100.76
2014-04-06,127.29,-100.17
2014-04-07,127.28,-99.08
2014-04-08,127.16,-99.77
2014-04-09,127.37,-100.14
2014-04-10,128.19,-99.83
2014-04-11,129.28,-99.75
2014-04-12,128.75,-100.29
2014-04-13,128.28,-99.86
2014-04-14,127.58,-100.23
2014-04-15,127.07,-99.98
2014-04-16,129.59,-99.97
2014-04-17,127.75,-100.98
2014-04-18,127.31,-100.42
2014-04-19,129.27,-102.20
2014-04-20,128.09,-101.12
2014-04-21,128.31,-100.93
2014-04-22,129.35,-99.13
2014-04-23,129.34,-100.82
2014-04-24,128.59,-101.57
2014-04-25,128.40,-102.92
2014-04-26,128.23,-101.12
2014-04-27,129.94,-100.52
2014-04-28,129.84,-101.40
2014-04-29,129.47,-100.91
2014-04-30,129.10,-100.32
2014-05-01,129.19,-101.00
2014-05-02,129.30,-101.19
2014-05-03,130.25,-101.71
2014-05-04,129.18,-101.79
2014-05-05,129.80,-101.41
2014-05-06,129.53,-101.74
2014-05-07,129.05,-101.18
2014-05-08,131.42,-100.96
2014-05-09,130.35,-102.78
2014-05-10,130.00,-103.11
2014-05-11,129.54,-101.41
2014-05-12,130.72,-101.78
2014-05-13,131.15,-102.23
2014-05-14,131.08,-101.43
2014-05-15,130.58,-101.26
2014-05-16,130.27,-101.16
2014-05-17,131.06,-103.47
2014-05-18,130.79,-102.39
2014-05-19,131.50,-102.90
2014-05-20,130.08,-104.00
2014-05-21,131.66,-101.88
2014-05-22,130.80,-101.43
2014-05-23,131.71,-103.22
2014-05-24,130.61,-101.29
2014-05-25,131.08,-102.30
2014-05-26,130.23,-102.94
2014-05-27,131.52,-101.95
2014-05-28,132.00,-103.28
2014-05-29,131.06,-102.72
2014-05-30,132.66,-103.73
2014-05-31,131.46,-104.04
2014-06-01,131.24,-102.74
2014-06-02,130.89,-103.30
2014-06-03,131.74,-103.89
2014-06-04,131.14,-103.27
2014-06-05,131.94,-103.33
2014-06-06,131.31,-103.54
2014-06-07,131.41,-103.25
2014-06-08,131.77,-103.28
2014-06-09,130.24,-104.43
2014-06-10,132.33,-104.37
2014-06-11,132.16,-104.63
2014-06-12,131.15,-104.33
2014-06-13,131.64,-103.89
2014-06-14,133.49,-104.14
2014-06-15,131.09,-105.62
2014-06-16,129.67,-106.10
2014-06-17,132.37,-104.01
2014-06-18,132.77,-103.80
2014-06-19,133.28,-104.95
2014-06-20,131.28,-104.39
2014-06-21,131.27,-103.42
2014-06-22,131.58,-104.85
2014-06-23,130.53,-105.47
2014-06-24,131.89,-106.11
2014-06-25,130.67,-105.71
2014-06-26,132.15,-104.96
2014-06-27,130.68,-105.81
2014-06-28,131.69,-105.84
2014-06-29,133.24,-105.59
2014-06-30,132.54,-104.79
2014-07-01,132.52,-104.96
2014-07-02,131.85,-105.37
2014-07-03,131.22,-104.72
2014-07-04,132.50,-105.08
2014-07-05,132.35,-105.26
2014-07-06,132.21,-104.82
2014-07-07,132.41,-106.25
2014-07-08,133.22,-102.97
2014-07-09,131.87,-105.40
2014-07-10,130.87,-104.79
2014-07-11,132.94,-105.68
2014-07-12,131.75,-105.61
2014-07-13,131.88,-105.76
2014-07-14,132.74,-105.74
2014-07-15,133.82,-105.24
2014-07-16,132.91,-105.68
2014-07-17,133.39,-105.95
2014-07-18,133.83,-105.73
2014-07-19,133.31,-106.34
2014-07-20,132.53,-105.35
2014-07-21,132.05,-105.68
2014-07-22,133.18,-105.70
2014-07-23,133.67,-104.88
2014-07-24,132.78,-104.94
2014-07-25,134.34,-105.42
2014-07-26,132.49,-105.39
2014-07-27,132.99,-105.69
2014-07-28,134.12,-105.84
2014-07-29,132.73,-105.53
2014-07-30,133.15,-106.13
2014-07-31,132.65,-105.29
2014-08-01,133.95,-106.42
2014-08-02,133.73,-107.01
2014-08-03,134.04,-104.75
2014-08-04,133.70,-104.31
2014-08-05,131.72,-106.80
2014-08-06,132.97,-105.76
2014-08-07,133.45,-105.95
2014-08-08,133.14,-106.39
2014-08-09,134.39,-106.44
2014-08-10,134.31,-107.21
2014-08-11,134.37,-107.62
2014-08-12,133.75,-106.86
2014-08-13,134.84,-106.29
2014-08-14,134.00,-106.63
2014-08-15,134.58,-108.01
2014-08-16,134.54,-106.32
2014-08-17,135.00,-106.82
2014-08-18,135.09,-106.91
2014-08-19,134.32,-108.58
2014-08-20,134.84,-107.48
2014-08-21,135.40,-107.80
2014-08-22,134.34,-105.94
2014-08-23,134.74,-107.51
2014-08-24,135.32,-107.75
2014-08-25,135.69,-107.96
2014-08-26,135.00,-107.19
2014-08-27,134.73,-107.00
2014-08-28,136.37,-107.27
2014-08-29,136.17,-107.02
2014-08-30,136.65,-106.37
2014-08-31,136.29,-107.23
2014-09-01,136.55,-108.17
2014-09-02,135.49,-107.84
2014-09-03,136.56,-107.48
2014-09-04,135.75,-107.35
2014-09-05,135.25,-107.19
2014-09-06,136.64,-108.04
2014-09-07,137.59,-106.45
2014-09-08,137.38,-106.41
2014-09-09,137.42,-108.48
2014-09-10,135.94,-107.33
2014-09-11,135.63,-106.92
2014-09-12,136.16,-107.33
2014-09-13,137.12,-106.91
2014-09-14,136.53,-106.48
2014-09-15,137.70,-107.08
2014-09-16,136.42,-107.19
2014-09-17,137.01,-107.15
2014-09-18,135.77,-107.90
2014-09-19,138.04,-108.10
2014-09-20,137.67,-107.69
2014-09-21,137.47,-107.93
2014-09-22,138.18,-107.96
2014-09-23,136.76,-107.16
2014-09-24,138.21,-108.35
2014-09-25,137.61,-108.20
2014-09-26,136.09,-108.09
2014-09-27,137.45,-108.17
2014-09-28,138.75,-109.15
2014-09-29,138.66,-108.62
2014-09-30,138.91,-107.98
2014-10-01,139.44,-108.62
2014-10-02,139.18,-108.03
2014-10-03,138.65,-108.79
2014-10-04,138.60,-107.98
2014-10-05,137.69,-108.69
2014-10-06,139.08,-108.59
2014-10-07,138.38,-108.63
2014-10-08,138.02,-108.49
2014-10-09,138.87,-109.59
2014-10-10,138.39,-109.30
2014-10-11,138.72,-109.24
2014-10-12,138.68,-109.51
2014-10-13,138.06,-109.43
2014-10-14,139.23,-108.96
2014-10-15,138.32,-108.67
2014-10-16,137.57,-109.55
2014-10-17,137.31,-110.06
2014-10-18,138.07,-108.54
2014-10-19,139.38,-109.87
2014-10-20,137.72,-110.05
2014-10-21,140.17,-109.22
2014-10-22,138.21,-109.49
2014-10-23,139.02,-109.03
2014-10-24,138.33,-109.36
2014-10-25,136.35,-111.60
2014-10-26,138.75,-109.86
2014-10-27,138.45,-109.31
2014-10-28,137.69,-108.92
2014-10-29,139.01,-109.94
2014-10-30,138.77,-109.05
2014-10-31,137.59,-108.94
2014-11-01,136.16,-110.05
2014-11-02,137.79,-110.07
2014-11-03,138.88,-109.81
2014-11-04,139.05,-109.15
2014-11-05,139.54,-108.95
2014-11-06,139.63,-109.01
2014-11-07,138.69,-107.73
2014-11-08,139.01,-109.64
2014-11-09,139.48,-109.22
2014-11-10,138.20,-109.63
2014-11-11,138.64,-109.57
2014-11-12,139.28,-108.96
2014-11-13,140.69,-108.97
2014-11-14,140.00,-109.47
2014-11-15,140.18,-110.10
2014-11-16,141.38,-109.58
2014-11-17,139.11,-109.68
2014-11-18,140.42,-108.90
2014-11-19,140.16,-109.67
2014-11-20,142.58,-110.24
2014-11-21,141.97,-109.63
2014-11-22,140.16,-110.96
2014-11-23,140.37,-108.49
2014-11-24,141.22,-110.50
2014-11-25,142.91,-109.92
2014-11-26,141.70,-109.46
2014-11-27,141.61,-109.31
2014-11-28,140.84,-110.89
2014-11-29,142.09,-111.32
2014-11-30,142.49,-111.02
2014-12-01,142.28,-110.62
2014-12-02,140.49,-112.90
2014-12-03,139.27,-110.18
2014-12-04,140.77,-110.82
2014-12-05,142.65,-111.12
2014-12-06,145.28,-108.88
2014-12-07,141.31,-109.74
2014-12-08,142.17,-110.60
2014-12-09,142.97,-111.46
2014-12-10,142.40,-111.90
2014-12-11,143.27,-112.65
2014-12-12,143.88,-111.84
2014-12-13,144.61,-111.09
2014-12-14,142.67,-110.86
2014-12-15,143.30,-111.24
2014-12-16,144.52,-112.19
2014-12-17,143.39,-112.81
2014-12-18,143.86,-111.32
2014-12-19,144.36,-111.54
2014-12-20,143.91,-110.81
2014-12-21,144.51,-110.92
2014-12-22,142.53,-113.54
2014-12-23,144.23,-109.94
2014-12-24,144.75,-111.04
2014-12-25,144.04,-111.72
2014-12-26,142.80,-111.09
2014-12-27,143.58,-112.02
2014-12-28,144.36,-110.63
2014-12-29,144.04,-111.26
2014-12-30,144.91,-111.06
2014-12-31,144.91,-112.23
2015-01-01,144.40,-112.57
2015-01-02,145.01,-111.92
2015-01-03,144.56,-110.92
2015-01-04,143.67,-110.92
2015-01-05,144.43,-110.96
2015-01-06,144.70,-110.83
2015-01-07,144.14,-111.66
2015-01-08,144.02,-112.14
2015-01-09,144.38,-112.66
2015-01-10,144.50,-112.44
2015-01-11,144.30,-113.01
2015-01-12,145.22,-112.17
2015-01-13,145.30,-112.01
2015-01-14,145.00,-112.55
2015-01-15,143.10,-112.31
2015-01-16,143.02,-112.71
2015-01-17,144.84,-112.40
2015-01-18,144.80,-112.64
2015-01-19,144.84,-112.42
2015-01-20,144.28,-111.31
2015-01-21,143.36,-112.29
2015-01-22,144.55,-112.23
2015-01-23,144.79,-112.85
2015-01-24,144.21,-113.20
2015-01-25,144.07,-112.53
2015-01-26,144.49,-112.60
2015-01-27,143.64,-111.58
2015-01-28,144.15,-112.80
2015-01-29,144.06,-113.25
2015-01-30,146.23,-113.49
2015-01-31,142.33,-112.89
2015-02-01,144.24,-113.58
2015-02-02,145.07,-112.41
2015-02-03,145.42,-113.74
2015-02-04,144.38,-113.01
2015-02-05,144.33,-114.03
2015-02-06,145.37,-113.89
2015-02-07,143.81,-114.06
2015-02-08,144.05,-112.70
2015-02-09,146.16,-112.71
2015-02-10,144.97,-112.25
2015-02-11,144.35,-113.60
2015-02-12,145.63,-113.06
2015-02-13,146.66,-112.43
2015-02-14,145.71,-112.49
2015-02-15,145.36,-112.25
2015-02-16,144.65,-112.87
2015-02-17,144.69,-112.95
2015-02-18,145.89,-113.70
2015-02-19,145.40,-113.52
2015-02-20,146.16,-113.33
2015-02-21,146.93,-113.26
2015-02-22,145.92,-113.85
2015-02-23,146.35,-114.33
2015-02-24,147.05,-113.17
2015-02-25,148.02,-113.12
2015-02-26,146.78,-112.49
2015-02-27,145.37,-113.19
2015-02-28,144.84,-114.41
2015-03-01,146.85,-114.31
2015-03-02,147.61,-113.95
2015-03-03,146.42,-114.17
2015-03-04,146.59,-114.53
2015-03-05,147.05,-114.42
2015-03-06,147.02,-114.06
2015-03-07,146.91,-113.48
2015-03-08,146.60,-114.17
2015-03-09,146.85,-114.22
2015-03-10,145.91,-115.18
2015-03-11,147.16,-115.49
2015-03-12,147.05,-114.54
2015-03-13,146.51,-114.45
2015-03-14,146.00,-114.45
2015-03-15,146.08,-115.29
2015-03-16,146.08,-115.59
2015-03-17,147.53,-114.30
2015-03-18,146.90,-114.34
2015-03-19,146.04,-114.86
2015-03-20,146.35,-114.60
2015-03-21,146.15,-114.67
2015-03-22,145.22,-114.80
2015-03-23,146.75,-114.52
2015-03-24,146.27,-114.46
2015-03-25,146.58,-114.31
2015-03-26,146.47,-115.04
2015-03-27,147.38,-113.59
2015-03-28,147.36,-114.45
2015-03-29,147.80,-113.72
2015-03-30,147.75,-114.52
2015-03-31,147.64,-114.56
2015-04-01,147.89,-114.80
2015-04-02,147.82,-115.33
2015-04-03,147.19,-114.84
2015-04-04,146.43,-114.45
2015-04-05,146.38,-114.65
2015-04-06,146.13,-116.06
2015-04-07,147.09,-115.91
2015-04-08,146.08,-115.55
2015-04-09,146.80,-114.90
2015-04-10,147.01,-115.92
2015-04-11,146.80,-114.90
2015-04-12,148.00,-114.43
2015-04-13,149.07,-116.00
2015-04-14,148.21,-115.11
2015-04-15,149.49,-114.88
2015-04-16,149.75,-114.22
2015-04-17,147.61,-114.66
2015-04-18,148.46,-116.19
2015-04-19,147.83,-115.94
2015-04-20,147.63,-115.88
2015-04-21,148.25,-116.18
2015-04-22,148.50,-116.11
2015-04-23,146.85,-116.28
2015-04-24,147.99,-116.71
2015-04-25,149.83,-115.65
2015-04-26,149.32,-115.72
2015-04-27,149.17,-115.69
2015-04-28,149.35,-116.42
2015-04-29,148.73,-115.70
2015-04-30,149.65,-116.57
2015-05-01,149.82,-116.97
2015-05-02,149.56,-116.10
2015-05-03,150.21,-117.02
2015-05-04,149.96,-117.47
2015-05-05,150.32,-117.64
2015-05-06,151.07,-118.15
2015-05-07,151.23,-116.44
2015-05-08,149.62,-116.28
2015-05-09,149.96,-117.23
2015-05-10,149.99,-117.09
2015-05-11,150.75,-118.54
2015-05-12,149.29,-116.77
2015-05-13,150.56,-117.27
2015-05-14,149.73,-117.94
2015-05-15,150.48,-118.52
2015-05-16,150.52,-117.96
2015-05-17,150.91,-118.19
2015-05-18,150.45,-117.77
2015-05-19,150.87,-117.61
2015-05-20,149.82,-118.20
2015-05-21,150.77,-117.18
2015-05-22,149.92,-118.17
2015-05-23,151.49,-118.08
2015-05-24,149.92,-117.59
2015-05-25,149.99,-118.06
2015-05-26,150.44,-118.96
2015-05-27,151.46,-117.99
2015-05-28,150.79,-117.70
2015-05-29,149.65,-117.86
2015-05-30,150.15,-118.21
2015-05-31,150.35,-118.71
2015-06-01,150.01,-119.40
2015-06-02,150.65,-118.93
2015-06-03,150.18,-119.35
2015-06-04,150.94,-119.69
2015-06-05,149.96,-118.79
2015-06-06,150.32,-119.03
2015-06-07,151.97,-119.13
2015-06-08,152.10,-119.40
2015-06-09,150.51,-118.75
2015-06-10,149.27,-119.45
2015-06-11,149.26,-118.15
2015-06-12,149.75,-118.88
2015-06-13,150.94,-118.63
2015-06-14,151.32,-117.56
2015-06-15,151.04,-118.60
2015-06-16,151.74,-119.37
2015-06-17,150.95,-119.19
2015-06-18,151.39,-119.18
2015-06-19,153.07,-120.33
2015-06-20,152.14,-119.37
2015-06-21,151.04,-120.57
2015-06-22,150.36,-119.59
2015-06-23,151.38,-120.51
2015-06-24,150.76,-119.40
2015-06-25,151.23,-119.64
2015-06-26,152.00,-120.88
2015-06-27,151.62,-120.69
2015-06-28,152.20,-119.36
2015-06-29,152.96,-120.22
2015-06-30,151.30,-119.28
2015-07-01,151.49,-119.49
2015-07-02,150.17,-120.25
2015-07-03,151.66,-119.65
2015-07-04,151.55,-118.72
2015-07-05,151.41,-119.47
2015-07-06,150.35,-121.05
2015-07-07,151.61,-121.09
2015-07-08,150.80,-121.84
2015-07-09,152.81,-121.12
2015-07-10,151.49,-120.38
2015-07-11,153.01,-120.49
2015-07-12,152.29,-121.45
2015-07-13,151.19,-120.74
2015-07-14,151.39,-121.05
2015-07-15,152.07,-120.67
2015-07-16,152.94,-120.47
2015-07-17,152.80,-120.71
2015-07-18,153.73,-119.71
2015-07-19,151.15,-122.04
2015-07-20,152.74,-120.53
2015-07-21,152.24,-119.93
2015-07-22,152.82,-121.61
2015-07-23,152.20,-120.51
2015-07-24,153.50,-121.89
2015-07-25,152.86,-122.08
2015-07-26,152.35,-122.07
2015-07-27,153.94,-120.14
2015-07-28,151.97,-120.93
2015-07-29,153.39,-120.67
2015-07-30,153.28,-120.36
2015-07-31,152.95,-120.73
2015-08-01,152.70,-121.03
2015-08-02,153.14,-124.30
2015-08-03,153.11,-121.56
2015-08-04,152.48,-121.86
2015-08-05,152.12,-122.18
2015-08-06,153.00,-122.61
2015-08-07,153.13,-120.92
2015-08-08,153.38,-121.24
2015-08-09,154.42,-121.94
2015-08-10,153.04,-122.90
2015-08-11,154.84,-121.83
2015-08-12,155.61,-121.49
2015-08-13,152.87,-122.90
2015-08-14,155.39,-124.04
2015-08-15,153.80,-122.19
2015-08-16,154.46,-122.26
2015-08-17,155.24,-122.89
2015-08-18,153.46,-123.04
2015-08-19,154.30,-122.88
2015-08-20,153.95,-123.66
2015-08-21,154.65,-122.35
2015-08-22,154.91,-123.29
2015-08-23,154.80,-123.34
2015-08-24,154.74,-122.47
2015-08-25,154.62,-122.77
2015-08-26,153.44,-120.78
2015-08-27,155.10,-122.49
2015-08-28,154.13,-122.76
2015-08-29,155.52,-123.28
2015-08-30,153.51,-124.42
2015-08-31,154.79,-124.25
2015-09-01,154.48,-123.83
2015-09-02,154.36,-123.96
2015-09-03,155.40,-124.69
2015-09-04,154.00,-124.72
2015-09-05,153.88,-123.77
2015-09-06,155.45,-123.25
2015-09-07,155.18,-123.57
2015-09-08,155.45,-122.96
2015-09-09,155.20,-123.23
2015-09-10,155.34,-123.25
2015-09-11,155.93,-124.55
2015-09-12,155.47,-123.59
2015-09-13,154.15,-123.31
2015-09-14,155.54,-123.44
2015-09-15,157.11,-123.73
2015-09-16,155.74,-123.65
2015-09-17,156.76,-122.74
2015-09-18,154.71,-124.20
2015-09-19,155.49,-123.12
2015-09-20,155.44,-124.29
2015-09-21,155.32,-124.52
2015-09-22,156.60,-123.85
2015-09-23,155.17,-123.79
2015-09-24,155.90,-124.50
2015-09-25,157.46,-124.60
2015-09-26,155.30,-123.67
2015-09-27,155.87,-123.92
2015-09-28,154.23,-124.51
2015-09-29,155.69,-124.21
2015-09-30,157.46,-124.92
2015-10-01,156.50,-124.28
2015-10-02,156.27,-123.67
2015-10-03,155.89,-125.59
2015-10-04,155.32,-126.16
2015-10-05,155.77,-124.87
2015-10-06,154.76,-124.38
2015-10-07,155.44,-123.83
2015-10-08,157.36,-123.46
2015-10-09,156.76,-125.05
2015-10-10,155.22,-123.80
2015-10-11,155.46,-124.67
2015-10-12,156.19,-123.76
2015-10-13,156.12,-124.46
2015-10-14,155.26,-124.35
2015-10-15,157.05,-124.94
2015-10-16,156.43,-125.00
2015-10-17,156.31,-125.57
2015-10-18,156.35,-125.50
2015-10-19,157.72,-125.93
2015-10-20,156.00,-123.33
2015-10-21,156.30,-124.77
2015-10-22,156.33,-125.20
2015-10-23,156.53,-124.89
2015-10-24,157.24,-124.64
2015-10-25,157.51,-125.62
2015-10-26,157.72,-124.66
2015-10-27,157.42,-124.12
2015-10-28,157.44,-124.98
2015-10-29,157.50,-125.97
2015-10-30,158.23,-126.01
2015-10-31,158.07,-124.58
2015-11-01,157.95,-126.39
2015-11-02,156.53,-126.39
2015-11-03,157.76,-125.85
2015-11-04,158.26,-125.24
2015-11-05,159.92,-125.15
2015-11-06,159.10,-126.66
2015-11-07,158.24,-125.14
2015-11-08,158.49,-126.26
2015-11-09,158.76,-125.32
2015-11-10,159.74,-126.37
2015-11-11,158.70,-125.63
2015-11-12,159.58,-124.63
2015-11-13,159.90,-125.56
2015-11-14,159.51,-125.61
2015-11-15,158.66,-126.03
2015-11-16,157.71,-125.03
2015-11-17,159.31,-125.97
2015-11-18,159.45,-125.56
2015-11-19,159.18,-126.47
2015-11-20,160.36,-125.90
2015-11-21,159.51,-125.59
2015-11-22,159.64,-126.24
2015-11-23,159.99,-126.41
2015-11-24,161.45,-126.46
2015-11-25,159.62,-127.08
2015-11-26,160.81,-125.96
2015-11-27,159.98,-127.08
2015-11-28,160.86,-126.42
2015-11-29,160.51,-126.79
2015-11-30,161.40,-127.15
2015-12-01,160.87,-126.73
2015-12-02,159.52,-126.69
2015-12-03,159.81,-126.40
2015-12-04,160.12,-126.63
2015-12-05,160.89,-126.59
2015-12-06,160.21,-125.97
2015-12-07,159.36,-126.54
2015-12-08,160.22,-127.29
2015-12-09,160.07,-128.37
2015-12-10,159.16,-127.37
2015-12-11,159.62,-126.49
2015-12-12,159.64,-128.03
2015-12-13,159.70,-127.99
2015-12-14,158.91,-128.62
2015-12-15,161.56,-126.86
2015-12-16,160.09,-126.42
2015-12-17,162.25,-127.71
2015-12-18,161.00,-127.06
2015-12-19,161.27,-128.06
2015-12-20,162.05,-127.68
2015-12-21,162.44,-127.17
2015-12-22,162.99,-126.89
2015-12-23,159.94,-126.49
2015-12-24,162.26,-127.21
2015-12-25,160.66,-125.79
2015-12-26,161.57,-126.44
2015-12-27,161.78,-127.18
2015-12-28,162.12,-128.76
2015-12-29,161.72,-127.98
2015-12-30,162.15,-127.65
2015-12-31,163.30,-127.11
2016-01-01,162.23,-127.11
2016-01-02,161.68,-126.70
2016-01-03,162.61,-127.00
2016-01-04,161.31,-127.50
2016-01-05,162.38,-128.56
2016-01-06,161.37,-128.19
2016-01-07,162.88,-126.50
2016-01-08,162.50,-127.22
2016-01-09,163.16,-127.41
2016-01-10,162.93,-126.60
2016-01-11,161.78,-127.07
2016-01-12,162.65,-127.22
2016-01-13,162.95,-127.62
2016-01-14,162.36,-128.66
2016-01-15,163.59,-128.55
2016-01-16,162.75,-127.80
2016-01-17,163.00,-127.80
2016-01-18,164.36,-129.71
2016-01-19,164.07,-127.44
2016-01-20,163.91,-127.34
2016-01-21,162.78,-127.42
2016-01-22,161.80,-129.10
2016-01-23,165.24,-127.46
2016-01-24,163.57,-128.79
2016-01-25,164.54,-128.00
2016-01-26,164.20,-128.55
2016-01-27,163.98,-127.35
2016-01-28,162.79,-128.42
2016-01-29,164.95,-128.49
2016-01-30,164.49,-128.24
2016-01-31,164.85,-129.18
2016-02-01,163.90,-127.88
2016-02-02,163.60,-128.56
2016-02-03,165.29,-127.44
2016-02-04,164.38,-127.64
2016-02-05,164.69,-127.49
2016-02-06,163.96,-127.81
2016-02-07,164.79,-126.97
2016-02-08,164.90,-127.80
2016-02-09,164.80,-128.48
2016-02-10,164.42,-128.59
2016-02-11,164.64,-128.97
2016-02-12,164.74,-128.34
2016-02-13,164.55,-129.01
2016-02-14,162.81,-128.10
2016-02-15,165.12,-128.91
2016-02-16,164.11,-128.84
2016-02-17,164.61,-129.00
2016-02-18,164.97,-130.87
2016-02-19,163.61,-129.06
2016-02-20,165.75,-128.74
2016-02-21,165.21,-128.52
2016-02-22,165.03,-128.22
2016-02-23,165.34,-129.67
2016-02-24,165.09,-129.30
2016-02-25,164.83,-128.59
2016-02-26,166.13,-128.57
2016-02-27,166.59,-129.23
2016-02-28,164.47,-129.25
2016-02-29,164.79,-128.92
2016-03-01,165.69,-129.66
2016-03-02,164.64,-128.80
2016-03-03,163.98,-129.11
2016-03-04,165.51,-128.36
2016-03-05,168.15,-127.80
2016-03-06,163.98,-129.49
2016-03-07,165.29,-128.30
2016-03-08,165.38,-129.34
2016-03-09,165.38,-129.89
2016-03-10,167.22,-128.06
2016-03-11,164.57,-128.83
2016-03-12,166.05,-128.22
2016-03-13,166.73,-128.76
2016-03-14,167.34,-128.51
2016-03-15,164.29,-128.79
2016-03-16,165.50,-128.44
2016-03-17,166.38,-128.96
2016-03-18,166.41,-129.22
2016-03-19,166.09,-129.68
2016-03-20,166.53,-128.81
2016-03-21,167.63,-130.18
2016-03-22,166.89,-130.51
2016-03-23,166.78,-129.93
2016-03-24,167.57,-129.79
2016-03-25,166.64,-129.98
2016-03-26,165.98,-130.06
2016-03-27,167.10,-130.67
2016-03-28,165.93,-130.36
2016-03-29,166.64,-130.60
2016-03-30,166.20,-130.59
2016-03-31,166.95,-130.05
2016-04-01,166.27,-129.58
2016-04-02,166.60,-129.25
2016-04-03,166.73,-129.10
2016-04-04,168.17,-129.50
2016-04-05,166.76,-130.97
2016-04-06,167.01,-129.59
2016-04-07,166.57,-130.77
2016-04-08,166.68,-130.72
2016-04-09,166.77,-131.21
2016-04-10,167.31,-131.43
2016-04-11,168.12,-131.36
2016-04-12,167.71,-131.18
2016-04-13,167.77,-130.51
2016-04-14,168.74,-130.08
2016-04-15,168.07,-131.33
2016-04-16,168.07,-130.61
2016-04-17,168.77,-131.39
2016-04-18,169.09,-131.65
2016-04-19,168.93,-132.10
2016-04-20,168.46,-132.24
2016-04-21,167.89,-131.60
2016-04-22,167.48,-130.52
2016-04-23,168.72,-131.83
2016-04-24,168.97,-131.49
2016-04-25,169.47,-133.09
2016-04-26,169.03,-132.40
2016-04-27,166.22,-134.29
2016-04-28,168.62,-132.46
2016-04-29,169.75,-133.06
2016-04-30,169.43,-133.04
2016-05-01,169.91,-133.10
2016-05-02,169.84,-133.16
2016-05-03,168.92,-132.45
2016-05-04,169.20,-132.58
2016-05-05,168.20,-131.80
2016-05-06,168.71,-132.48
2016-05-07,168.95,-133.35
2016-05-08,166.76,-132.31
2016-05-09,168.02,-132.58
2016-05-10,168.02,-132.79
2016-05-11,168.99,-132.12
2016-05-12,168.99,-132.40
2016-05-13,168.37,-132.15
2016-05-14,168.52,-132.43
2016-05-15,167.87,-133.00
2016-05-16,168.03,-132.25
2016-05-17,166.47,-132.42
2016-05-18,169.60,-132.54
2016-05-19,168.84,-134.84
2016-05-20,168.86,-132.81
2016-05-21,169.17,-132.60
2016-05-22,168.44,-133.25
2016-05-23,169.27,-133.76
2016-05-24,168.27,-133.95
2016-05-25,169.14,-132.63
2016-05-26,169.37,-132.62
2016-05-27,169.71,-133.66
2016-05-28,168.68,-133.97
2016-05-29,169.04,-133.74
2016-05-30,168.80,-133.32
2016-05-31,169.44,-133.84
2016-06-01,168.88,-133.83
2016-06-02,169.23,-133.56
2016-06-03,170.86,-133.87
2016-06-04,169.80,-134.40
2016-06-05,169.38,-133.46
2016-06-06,169.43,-133.70
2016-06-07,170.61,-133.96
2016-06-08,168.82,-134.28
2016-06-09,168.57,-134.37
2016-06-10,169.35,-134.63
2016-06-11,170.01,-133.00
2016-06-12,170.05,-134.77
2016-06-13,169.25,-133.55
2016-06-14,169.05,-134.83
2016-06-15,168.75,-134.11
2016-06-16,169.68,-136.38
2016-06-17,169.27,-134.98
2016-06-18,170.08,-134.30
2016-06-19,170.07,-134.40
2016-06-20,169.69,-134.29
2016-06-21,169.88,-135.01
2016-06-22,171.60,-134.19
2016-06-23,170.19,-134.60
2016-06-24,171.02,-134.43
2016-06-25,171.00,-134.87
2016-06-26,169.69,-134.80
2016-06-27,169.43,-134.78
2016-06-28,171.60,-134.36
2016-06-29,170.44,-135.33
2016-06-30,170.33,-135.17
2016-07-01,169.04,-135.18
2016-07-02,170.04,-133.93
2016-07-03,170.24,-135.14
2016-07-04,171.22,-134.63
2016-07-05,170.85,-134.93
2016-07-06,171.16,-134.69
2016-07-07,170.85,-135.22
2016-07-08,170.01,-135.59
2016-07-09,171.33,-137.02
2016-07-10,171.85,-135.43
2016-07-11,171.38,-134.94
2016-07-12,169.85,-135.15
2016-07-13,170.39,-134.93
2016-07-14,170.62,-135.43
2016-07-15,171.55,-134.88
2016-07-16,171.60,-134.76
2016-07-17,170.82,-135.03
2016-07-18,171.26,-136.04
2016-07-19,170.81,-136.06
2016-07-20,172.41,-136.74
2016-07-21,171.96,-135.61
2016-07-22,171.25,-135.79
2016-07-23,172.54,-136.60
2016-07-24,172.22,-135.90
2016-07-25,171.76,-136.60
2016-07-26,171.64,-136.35
2016-07-27,172.23,-137.09
2016-07-28,171.02,-136.77
2016-07-29,171.47,-135.30
2016-07-30,171.22,-135.68
2016-07-31,171.56,-136.45
2016-08-01,172.12,-135.90
2016-08-02,172.08,-136.10
2016-08-03,170.67,-134.55
2016-08-04,172.19,-136.92
2016-08-05,172.60,-137.70
2016-08-06,174.00,-136.82
2016-08-07,172.50,-137.23
2016-08-08,172.55,-137.25
2016-08-09,172.65,-136.66
2016-08-10,171.93,-137.36
2016-08-11,171.81,-137.03
2016-08-12,171.11,-136.47
2016-08-13,173.27,-136.10
2016-08-14,172.28,-135.75
2016-08-15,174.01,-137.02
2016-08-16,174.13,-136.67
2016-08-17,172.33,-136.43
2016-08-18,172.98,-137.36
2016-08-19,173.28,-136.62
2016-08-20,173.34,-136.96
2016-08-21,173.72,-136.86
2016-08-22,173.18,-136.90
2016-08-23,173.74,-136.87
2016-08-24,173.75,-137.28
2016-08-25,173.69,-137.70
2016-08-26,173.58,-136.60
2016-08-27,173.19,-138.05
2016-08-28,172.84,-137.38
2016-08-29,173.56,-137.27
2016-08-30,173.76,-137.35
2016-08-31,172.83,-137.42
2016-09-01,174.63,-138.26
2016-09-02,172.35,-137.03
2016-09-03,174.21,-139.55
2016-09-04,173.76,-138.87
2016-09-05,174.81,-139.05
2016-09-06,172.67,-137.97
2016-09-07,173.99,-139.54
2016-09-08,173.93,-137.78
2016-09-09,173.56,-137.43
2016-09-10,173.84,-137.25
2016-09-11,173.91,-138.03
2016-09-12,174.71,-140.08
2016-09-13,174.09,-139.99
2016-09-14,174.94,-138.14
2016-09-15,174.66,-139.06
2016-09-16,174.05,-137.70
2016-09-17,174.50,-139.16
2016-09-18,174.80,-139.29
2016-09-19,173.47,-139.09
2016-09-20,174.11,-138.98
2016-09-21,172.18,-139.21
2016-09-22,173.05,-140.13
2016-09-23,176.17,-139.94
2016-09-24,175.99,-137.89
2016-09-25,175.23,-138.84
2016-09-26,174.37,-139.88
2016-09-27,175.08,-139.33
2016-09-28,175.72,-140.16
2016-09-29,174.82,-139.56
2016-09-30,174.66,-138.67
2016-10-01,175.90,-139.63
2016-10-02,175.19,-139.12
2016-10-03,174.98,-138.04
2016-10-04,175.50,-139.80
2016-10-05,174.61,-139.72
2016-10-06,174.78,-138.84
2016-10-07,173.98,-139.98
2016-10-08,174.44,-139.11
2016-10-09,174.76,-138.62
2016-10-10,174.70,-139.58
2016-10-11,174.46,-139.67
2016-10-12,175.77,-139.69
2016-10-13,176.52,-139.93
2016-10-14,176.15,-139.95
2016-10-15,176.63,-141.82
2016-10-16,175.81,-139.12
2016-10-17,177.25,-139.31
2016-10-18,175.90,-139.60
2016-10-19,176.98,-138.91
2016-10-20,176.55,-140.18
2016-10-21,176.94,-139.70
2016-10-22,175.77,-139.73
2016-10-23,175.85,-139.51
2016-10-24,176.66,-142.72
2016-10-25,178.46,-137.59
2016-10-26,176.56,-140.46
2016-10-27,178.55,-141.53
2016-10-28,176.40,-141.39
2016-10-29,177.86,-140.08
2016-10-30,174.92,-139.01
2016-10-31,175.55,-140.04
2016-11-01,177.03,-140.05
2016-11-02,176.93,-140.44
2016-11-03,176.46,-139.44
2016-11-04,177.60,-140.08
2016-11-05,176.96,-139.26
2016-11-06,178.17,-140.71
2016-11-07,177.66,-139.74
2016-11-08,178.20,-139.74
2016-11-09,178.19,-139.80
2016-11-10,177.35,-140.29
2016-11-11,177.95,-139.53
2016-11-12,178.06,-139.83
2016-11-13,178.09,-139.38
2016-11-14,178.19,-140.45
2016-11-15,177.69,-140.60
2016-11-16,178.27,-140.50
2016-11-17,178.37,-140.74
2016-11-18,177.28,-140.31
2016-11-19,178.31,-141.94
2016-11-20,177.99,-140.70
2016-11-21,177.84,-142.45
2016-11-22,178.10,-140.45
2016-11-23,178.64,-140.63
2016-11-24,178.28,-139.56
2016-11-25,178.22,-141.31
2016-11-26,178.72,-140.57
2016-11-27,177.88,-141.21
2016-11-28,178.49,-141.24
2016-11-29,180.30,-140.49
2016-11-30,179.50,-141.52
2016-12-01,178.71,-140.78
2016-12-02,178.02,-141.83
2016-12-03,178.95,-141.62
2016-12-04,179.21,-142.01
2016-12-05,179.00,-141.55
2016-12-06,178.72,-142.14
2016-12-07,179.50,-142.02
2016-12-08,179.27,-140.59
2016-12-09,180.81,-140.64
2016-12-10,181.18,-140.69
2016-12-11,179.54,-141.60
2016-12-12,180.73,-142.00
2016-12-13,180.01,-142.88
2016-12-14,180.31,-142.28
2016-12-15,181.41,-141.66
2016-12-16,180.10,-142.42
2016-12-17,181.29,-143.05
2016-12-18,182.03,-140.95
2016-12-19,181.05,-141.44
2016-12-20,180.43,-141.72
2016-12-21,180.28,-142.70
2016-12-22,179.81,-142.63
2016-12-23,179.60,-143.69
2016-12-24,180.22,-142.43
2016-12-25,180.90,-143.24
2016-12-26,181.26,-142.08
2016-12-27,182.21,-142.17
2016-12-28,180.94,-142.21
2016-12-29,182.31,-142.24
2016-12-30,180.82,-141.88
2016-12-31,182.00,-143.52
2017-01-01,181.08,-144.12
2017-01-02,180.78,-143.86
2017-01-03,181.55,-142.74
2017-01-04,180.35,-143.34
2017-01-05,180.40,-143.14
2017-01-06,182.28,-142.82
2017-01-07,181.10,-142.18
2017-01-08,182.67,-142.34
2017-01-09,180.63,-142.02
2017-01-10,182.55,-142.40
2017-01-11,180.05,-141.85
2017-01-12,183.16,-143.66
2017-01-13,182.43,-142.80
2017-01-14,183.38,-142.89
2017-01-15,182.18,-142.74
2017-01-16,182.62,-141.80
2017-01-17,181.90,-142.81
2017-01-18,183.53,-144.09
2017-01-19,182.24,-142.46
2017-01-20,183.03,-143.96
2017-01-21,181.10,-143.37
2017-01-22,182.29,-142.20
2017-01-23,183.48,-141.79
2017-01-24,183.27,-143.25
2017-01-25,184.21,-142.66
2017-01-26,183.51,-142.89
2017-01-27,183.98,-142.68
2017-01-28,183.81,-142.36
2017-01-29,183.27,-142.25
2017-01-30,182.73,-143.46
2017-01-31,184.09,-143.24
2017-02-01,182.92,-143.37
2017-02-02,184.02,-143.55
2017-02-03,183.25,-141.92
2017-02-04,184.46,-145.24
2017-02-05,183.29,-143.62
2017-02-06,184.00,-142.83
2017-02-07,184.25,-141.33
2017-02-08,184.47,-143.08
2017-02-09,187.06,-143.09
2017-02-10,185.21,-143.96
2017-02-11,184.04,-143.70
2017-02-12,184.05,-142.91
2017-02-13,183.14,-142.26
2017-02-14,184.23,-142.94
2017-02-15,184.65,-142.70
2017-02-16,186.48,-143.29
2017-02-17,183.08,-145.50
2017-02-18,184.67,-144.04
2017-02-19,183.84,-143.03
2017-02-20,185.11,-143.62
2017-02-21,182.62,-141.05
2017-02-22,184.24,-142.68
2017-02-23,184.12,-142.58
2017-02-24,184.71,-144.29
2017-02-25,184.78,-144.15
2017-02-26,184.93,-144.14
2017-02-27,183.79,-144.78
2017-02-28,184.85,-143.58
2017-03-01,184.74,-142.45
2017-03-02,184.84,-143.40
2017-03-03,184.82,-143.95
2017-03-04,184.00,-144.64
2017-03-05,184.34,-143.79
2017-03-06,184.29,-143.55
2017-03-07,184.41,-143.35
2017-03-08,185.49,-144.12
2017-03-09,184.67,-144.05
2017-03-10,185.17,-143.70
2017-03-11,184.70,-143.84
2017-03-12,186.37,-143.61
2017-03-13,185.78,-143.94
2017-03-14,184.43,-144.34
2017-03-15,184.87,-145.01
2017-03-16,184.46,-144.72
2017-03-17,186.19,-144.74
2017-03-18,186.56,-145.37
2017-03-19,185.46,-144.27
2017-03-20,185.79,-146.04
2017-03-21,185.28,-143.05
2017-03-22,187.46,-144.19
2017-03-23,185.97,-145.73
2017-03-24,186.57,-144.57
2017-03-25,187.38,-145.02
2017-03-26,186.29,-146.38
2017-03-27,186.36,-145.58
2017-03-28,184.97,-146.06
2017-03-29,187.49,-144.66
2017-03-30,185.42,-143.39
2017-03-31,186.44,-146.25
2017-04-01,187.33,-145.22
2017-04-02,186.35,-146.08
2017-04-03,186.48,-145.96
2017-04-04,186.80,-145.57
2017-04-05,186.89,-145.94
2017-04-06,185.83,-146.26
2017-04-07,187.69,-148.40
2017-04-08,184.41,-144.79
2017-04-09,187.01,-145.86
2017-04-10,187.22,-146.66
2017-04-11,187.12,-146.88
2017-04-12,185.66,-146.27
2017-04-13,186.55,-146.49
2017-04-14,187.71,-146.65
2017-04-15,186.78,-147.13
2017-04-16,187.20,-147.40
2017-04-17,188.15,-147.13
2017-04-18,187.56,-146.88
2017-04-19,187.40,-146.46
2017-04-20,187.15,-146.27
2017-04-21,187.99,-146.71
2017-04-22,187.08,-146.30
2017-04-23,186.45,-146.86
2017-04-24,186.02,-146.81
2017-04-25,186.49,-148.24
2017-04-26,187.90,-146.72
2017-04-27,187.14,-146.13
2017-04-28,187.46,-147.26
2017-04-29,185.98,-148.16
2017-04-30,187.71,-147.60
2017-05-01,187.43,-147.49
2017-05-02,186.95,-147.53
2017-05-03,187.33,-147.52
2017-05-04,186.57,-146.98
2017-05-05,188.23,-147.66
2017-05-06,187.97,-148.34
2017-05-07,187.92,-147.66
2017-05-08,188.11,-147.79
2017-05-09,187.61,-148.33
2017-05-10,187.99,-148.33
2017-05-11,186.58,-148.16
2017-05-12,186.90,-148.71
2017-05-13,188.44,-148.59
2017-05-14,187.92,-148.11
2017-05-15,186.93,-148.88
2017-05-16,187.02,-149.37
2017-05-17,187.57,-147.78
2017-05-18,188.48,-148.24
2017-05-19,189.36,-148.65
2017-05-20,188.27,-148.38
2017-05-21,187.21,-148.64
2017-05-22,188.82,-149.31
2017-05-23,187.52,-148.63
2017-05-24,189.44,-148.15
2017-05-25,188.42,-149.64
2017-05-26,188.42,-148.84
2017-05-27,187.66,-149.10
2017-05-28,188.01,-148.99
2017-05-29,188.63,-148.73
2017-05-30,187.94,-150.61
2017-05-31,188.90,-149.82
2017-06-01,188.93,-150.38
2017-06-02,188.37,-150.01
2017-06-03,187.68,-148.88
2017-06-04,189.38,-149.29
2017-06-05,187.87,-149.08
2017-06-06,188.40,-150.22
2017-06-07,189.64,-149.54
2017-06-08,190.27,-149.46
2017-06-09,188.63,-149.46
2017-06-10,190.23,-150.18
2017-06-11,190.10,-150.41
2017-06-12,188.91,-149.23
2017-06-13,188.97,-149.52
2017-06-14,189.21,-149.25
2017-06-15,189.96,-149.67
2017-06-16,188.28,-149.04
2017-06-17,189.39,-149.28
2017-06-18,189.86,-149.55
2017-06-19,188.05,-150.08
2017-06-20,189.21,-150.38
2017-06-21,189.57,-148.58
2017-06-22,188.92,-150.59
2017-06-23,189.84,-148.40
2017-06-24,190.92,-149.72
2017-06-25,190.70,-149.63
2017-06-26,189.57,-149.88
2017-06-27,189.49,-150.49
2017-06-28,190.24,-149.95
2017-06-29,190.40,-149.55
2017-06-30,189.15,-149.23
2017-07-01,190.86,-150.15
2017-07-02,189.20,-148.61
2017-07-03,189.16,-150.27
2017-07-04,189.55,-149.34
2017-07-05,190.51,-150.42
2017-07-06,190.89,-149.69
2017-07-07,191.13,-149.45
2017-07-08,191.06,-150.44
2017-07-09,190.52,-150.19
2017-07-10,191.39,-150.44
2017-07-11,189.92,-150.42
2017-07-12,189.60,-149.34
2017-07-13,190.97,-150.58
2017-07-14,192.15,-150.74
2017-07-15,191.82,-152.49
2017-07-16,190.89,-150.94
2017-07-17,191.00,-150.13
2017-07-18,191.14,-151.05
2017-07-19,191.33,-150.60
2017-07-20,190.97,-150.31
2017-07-21,191.32,-151.14
2017-07-22,190.52,-151.40
2017-07-23,190.97,-150.38
2017-07-24,190.82,-150.80
2017-07-25,192.24,-151.56
2017-07-26,190.98,-151.83
2017-07-27,190.08,-151.11
2017-07-28,190.48,-152.07
2017-07-29,190.81,-151.34
2017-07-30,190.49,-150.80
2017-07-31,191.50,-150.81
2017-08-01,191.15,-151.05
2017-08-02,191.12,-151.20
2017-08-03,190.62,-150.88
2017-08-04,191.41,-151.83
2017-08-05,191.25,-151.60
2017-08-06,192.55,-151.22
2017-08-07,191.52,-152.03
2017-08-08,191.58,-152.02
2017-08-09,191.44,-151.22
2017-08-10,191.89,-151.67
2017-08-11,191.10,-152.13
2017-08-12,190.97,-152.16
2017-08-13,191.50,-152.51
2017-08-14,190.76,-154.66
2017-08-15,193.47,-152.68
2017-08-16,192.78,-152.40
2017-08-17,192.52,-152.63
2017-08-18,192.83,-152.32
2017-08-19,192.68,-151.81
2017-08-20,192.55,-153.03
2017-08-21,191.64,-152.32
2017-08-22,191.38,-151.59
2017-08-23,191.94,-152.42
2017-08-24,193.01,-153.48
2017-08-25,192.20,-152.35
2017-08-26,191.95,-153.36
2017-08-27,192.38,-152.68
2017-08-28,192.16,-152.13
2017-08-29,191.75,-153.02
2017-08-30,191.65,-152.49
2017-08-31,191.82,-153.14
2017-09-01,192.37,-153.15
2017-09-02,193.02,-152.58
2017-09-03,194.04,-151.20
2017-09-04,194.09,-153.65
2017-09-05,193.38,-154.01
2017-09-06,193.82,-153.51
2017-09-07,193.10,-156.06
2017-09-08,192.38,-154.57
2017-09-09,192.43,-154.32
2017-09-10,193.70,-153.43
2017-09-11,193.03,-154.07
2017-09-12,195.15,-154.69
2017-09-13,192.74,-155.57
2017-09-14,192.13,-155.42
2017-09-15,192.50,-153.55
2017-09-16,191.81,-153.80
2017-09-17,192.54,-154.53
2017-09-18,194.27,-152.74
2017-09-19,192.15,-155.07
2017-09-20,194.40,-154.76
2017-09-21,193.44,-155.87
2017-09-22,193.40,-154.73
2017-09-23,194.17,-154.29
2017-09-24,193.57,-154.58
2017-09-25,192.71,-154.62
2017-09-26,194.56,-153.05
2017-09-27,193.58,-154.88
2017-09-28,194.35,-154.96
2017-09-29,195.07,-153.74
2017-09-30,194.22,-155.67
2017-10-01,193.83,-156.28
2017-10-02,193.97,-154.98
2017-10-03,193.63,-154.46
2017-10-04,194.93,-154.82
2017-10-05,195.60,-154.68
2017-10-06,194.71,-153.97
2017-10-07,195.62,-154.97
2017-10-08,194.95,-154.58
2017-10-09,195.63,-155.90
2017-10-10,195.34,-155.89
2017-10-11,195.12,-155.15
2017-10-12,195.39,-155.42
2017-10-13,195.81,-155.93
2017-10-14,195.34,-155.96
2017-10-15,195.47,-155.25
2017-10-16,195.57,-155.57
2017-10-17,194.95,-156.13
2017-10-18,195.09,-155.31
2017-10-19,195.00,-156.32
2017-10-20,196.20,-157.34
2017-10-21,196.20,-155.96
2017-10-22,196.64,-155.52
2017-10-23,196.18,-155.68
2017-10-24,196.98,-154.90
2017-10-25,197.33,-156.36
2017-10-26,195.44,-155.79
2017-10-27,195.94,-155.15
2017-10-28,195.04,-155.10
2017-10-29,196.41,-155.86
2017-10-30,196.23,-156.95
2017-10-31,196.14,-155.96
2017-11-01,196.15,-156.36
2017-11-02,196.52,-155.32
2017-11-03,196.74,-156.23
2017-11-04,196.35,-157.35
2017-11-05,196.53,-156.73
2017-11-06,196.46,-155.48
2017-11-07,196.51,-155.89
2017-11-08,195.97,-157.65
2017-11-09,197.16,-156.00
2017-11-10,196.52,-156.41
2017-11-11,196.94,-156.87
2017-11-12,196.39,-156.37
2017-11-13,197.01,-157.27
2017-11-14,195.94,-156.36
2017-11-15,197.52,-156.18
2017-11-16,198.49,-157.38
2017-11-17,198.60,-156.31
2017-11-18,197.26,-155.09
2017-11-19,197.15,-156.62
2017-11-20,197.03,-156.61
2017-11-21,197.82,-156.51
2017-11-22,198.40,-156.79
2017-11-23,197.97,-157.40
2017-11-24,198.34,-157.70
2017-11-25,198.32,-156.69
2017-11-26,198.27,-156.55
2017-11-27,197.92,-157.60
2017-11-28,198.69,-157.99
2017-11-29,198.41,-158.31
2017-11-30,198.71,-157.51
2017-12-01,198.62,-157.42
2017-12-02,198.57,-157.58
2017-12-03,197.25,-157.29
2017-12-04,198.70,-157.33
2017-12-05,199.69,-157.53
2017-12-06,199.43,-157.25
2017-12-07,199.29,-157.15
2017-12-08,199.01,-156.74
2017-12-09,198.55,-156.77
2017-12-10,198.75,-156.90
2017-12-11,199.02,-157.40
2017-12-12,198.34,-156.39
2017-12-13,198.40,-157.72
2017-12-14,198.68,-156.84
2017-12-15,198.12,-157.44
2017-12-16,199.35,-159.38
2017-12-17,196.85,-157.75
2017-12-18,199.66,-157.38
2017-12-19,198.34,-157.70
2017-12-20,199.20,-157.78
2017-12-21,198.21,-158.35
2017-12-22,199.11,-157.34
2017-12-23,199.31,-157.97
2017-12-24,199.36,-158.08
2017-12-25,199.09,-158.71
2017-12-26,199.23,-158.06
2017-12-27,200.60,-156.93
2017-12-28,198.89,-157.09
2017-12-29,200.25,-158.42
2017-12-30,199.63,-158.26
2017-12-31,200.82,-158.63
2018-01-01,200.37,-158.38
2018-01-02,201.03,-158.92
2018-01-03,198.74,-157.77
2018-01-04,198.88,-157.44
2018-01-05,198.60,-159.42
2018-01-06,200.59,-159.71
2018-01-07,200.23,-158.56
2018-01-08,200.13,-158.96
2018-01-09,200.16,-159.51
2018-01-10,200.08,-158.57
2018-01-11,200.24,-158.79
2018-01-12,200.83,-159.14
2018-01-13,199.82,-158.70
2018-01-14,200.67,-158.77
2018-01-15,200.52,-158.31
2018-01-16,200.00,-159.01
2018-01-17,201.54,-158.29
2018-01-18,200.86,-159.21
2018-01-19,200.87,-159.35
2018-01-20,201.26,-160.53
2018-01-21,200.92,-158.32
2018-01-22,200.30,-158.94
2018-01-23,201.03,-158.73
2018-01-24,200.92,-159.30
2018-01-25,201.54,-159.75
2018-01-26,202.58,-158.87
2018-01-27,202.52,-158.80
2018-01-28,201.81,-159.34
2018-01-29,202.10,-159.37
2018-01-30,202.22,-159.24
2018-01-31,202.11,-159.64
2018-02-01,202.61,-159.46
2018-02-02,202.46,-158.97
2018-02-03,204.66,-158.09
2018-02-04,203.53,-157.63
2018-02-05,203.47,-159.30
2018-02-06,203.14,-159.53
2018-02-07,201.63,-158.27
2018-02-08,202.66,-158.89
2018-02-09,201.46,-158.76
2018-02-10,201.43,-158.40
2018-02-11,202.37,-159.14
2018-02-12,203.56,-159.67
2018-02-13,202.48,-159.63
2018-02-14,202.86,-158.36
2018-02-15,200.61,-158.45
2018-02-16,201.69,-158.56
2018-02-17,202.35,-159.77
2018-02-18,201.59,-159.16
2018-02-19,201.97,-158.19
2018-02-20,202.26,-159.20
2018-02-21,203.78,-159.10
2018-02-22,202.57,-158.21
2018-02-23,202.16,-159.91
2018-02-24,202.50,-158.77
2018-02-25,203.41,-159.06
2018-02-26,202.63,-159.40
2018-02-27,202.05,-160.77
2018-02-28,201.74,-159.61
2018-03-01,202.86,-159.90
2018-03-02,202.78,-158.72
2018-03-03,203.00,-158.82
2018-03-04,202.12,-159.28
2018-03-05,202.38,-158.18
2018-03-06,202.66,-160.04
2018-03-07,202.03,-159.89
2018-03-08,204.14,-157.96
2018-03-09,203.62,-158.62
2018-03-10,202.64,-159.52
2018-03-11,202.67,-159.79
2018-03-12,202.50,-159.91
2018-03-13,203.72,-158.80
2018-03-14,202.53,-159.32
2018-03-15,203.59,-159.29
2018-03-16,204.96,-158.12
2018-03-17,202.49,-160.66
2018-03-18,202.78,-159.96
2018-03-19,203.44,-159.48
2018-03-20,204.04,-159.15
2018-03-21,206.19,-158.98
2018-03-22,204.80,-158.81
2018-03-23,203.59,-159.12
2018-03-24,203.84,-158.69
2018-03-25,204.19,-159.80
2018-03-26,203.61,-159.92
2018-03-27,205.08,-159.56
2018-03-28,204.02,-158.57
2018-03-29,203.30,-159.00
2018-03-30,204.21,-159.39
2018-03-31,204.38,-159.69
2018-04-01,203.58,-160.56
2018-04-02,203.66,-160.47
2018-04-03,204.47,-160.32
2018-04-04,205.29,-160.44
2018-04-05,203.92,-160.37
2018-04-06,204.60,-159.87
2018-04-07,202.56,-159.87
2018-04-08,204.46,-161.73
2018-04-09,204.23,-160.22
2018-04-10,205.50,-161.22
2018-04-11,202.72,-160.87
2018-04-12,203.18,-160.52
2018-04-13,204.28,-159.87
2018-04-14,204.28,-159.45
2018-04-15,204.66,-161.40
2018-04-16,203.51,-161.62
2018-04-17,203.35,-161.49
2018-04-18,204.98,-161.38
2018-04-19,204.71,-160.88
2018-04-20,205.38,-161.36
2018-04-21,205.07,-161.18
2018-04-22,205.24,-161.20
2018-04-23,204.78,-161.30
2018-04-24,204.70,-161.52
2018-04-25,205.59,-161.79
2018-04-26,205.78,-162.51
2018-04-27,204.39,-162.70
2018-04-28,203.48,-161.67
2018-04-29,204.86,-161.14
2018-04-30,205.51,-162.04
2018-05-01,205.14,-162.38
2018-05-02,205.22,-162.78
2018-05-03,205.43,-162.47
2018-05-04,205.36,-161.65
2018-05-05,205.53,-161.31
2018-05-06,205.57,-162.49
2018-05-07,205.97,-162.74
2018-05-08,205.80,-162.26
2018-05-09,203.78,-162.67
2018-05-10,204.75,-161.74
2018-05-11,206.85,-162.89
2018-05-12,205.61,-163.62
2018-05-13,206.93,-163.42
2018-05-14,205.73,-163.17
2018-05-15,206.03,-162.39
2018-05-16,204.66,-162.63
2018-05-17,206.87,-162.74
2018-05-18,206.11,-163.47
2018-05-19,207.50,-163.68
2018-05-20,205.29,-164.67
2018-05-21,207.40,-163.41
2018-05-22,207.31,-163.45
2018-05-23,207.43,-163.13
2018-05-24,206.53,-163.88
2018-05-25,206.05,-163.83
2018-05-26,206.36,-163.61
2018-05-27,207.18,-163.07
2018-05-28,207.18,-162.84
2018-05-29,206.06,-162.42
2018-05-30,205.56,-164.58
2018-05-31,206.28,-163.96
2018-06-01,206.92,-163.43
2018-06-02,206.47,-162.92
2018-06-03,207.27,-163.07
2018-06-04,206.63,-163.12
2018-06-05,206.66,-163.76
2018-06-06,206.12,-163.61
2018-06-07,205.77,-164.34
2018-06-08,206.93,-163.00
2018-06-09,207.26,-163.14
2018-06-10,207.74,-162.44
2018-06-11,207.01,-163.25
2018-06-12,206.29,-163.49
2018-06-13,207.35,-163.91
2018-06-14,207.11,-162.90
2018-06-15,206.47,-164.62
2018-06-16,207.17,-164.65
2018-06-17,207.49,-164.60
2018-06-18,207.25,-164.35
2018-06-19,206.87,-164.12
2018-06-20,208.18,-163.60
2018-06-21,208.34,-163.44
2018-06-22,207.72,-163.75
2018-06-23,206.78,-162.75
2018-06-24,207.31,-163.27
2018-06-25,207.66,-163.89
2018-06-26,208.11,-163.39
2018-06-27,208.38,-163.80
2018-06-28,208.39,-164.62
2018-06-29,207.89,-164.06
2018-06-30,208.01,-164.06
2018-07-01,207.66,-163.67
2018-07-02,207.69,-163.30
2018-07-03,208.03,-164.04
2018-07-04,208.00,-164.47
2018-07-05,208.27,-164.90
2018-07-06,209.75,-164.23
2018-07-07,209.01,-164.21
2018-07-08,209.20,-163.51
2018-07-09,208.33,-164.42
2018-07-10,208.51,-164.49
2018-07-11,207.80,-165.36
2018-07-12,208.68,-165.32
2018-07-13,208.86,-165.26
2018-07-14,209.29,-165.62
2018-07-15,209.76,-165.13
2018-07-16,209.35,-164.61
2018-07-17,209.36,-164.39
2018-07-18,208.89,-164.94
2018-07-19,209.25,-164.59
2018-07-20,209.84,-165.87
2018-07-21,208.79,-165.27
2018-07-22,209.06,-164.63
2018-07-23,208.99,-164.85
2018-07-24,208.63,-164.28
2018-07-25,210.11,-164.93
2018-07-26,209.69,-165.50
2018-07-27,209.55,-165.45
2018-07-28,209.15,-165.56
2018-07-29,209.74,-165.97
2018-07-30,210.70,-166.52
2018-07-31,209.89,-166.42
2018-08-01,210.63,-166.19
2018-08-02,209.84,-166.56
2018-08-03,209.84,-165.46
2018-08-04,210.25,-167.10
2018-08-05,210.74,-165.86
2018-08-06,210.49,-166.49
2018-08-07,209.37,-165.67
2018-08-08,210.12,-166.85
2018-08-09,209.93,-166.80
2018-08-10,210.10,-167.03
2018-08-11,210.42,-165.67
2018-08-12,210.22,-165.65
2018-08-13,209.73,-166.61
2018-08-14,211.41,-167.67
2018-08-15,210.31,-167.86
2018-08-16,210.73,-167.62
2018-08-17,209.84,-167.19
2018-08-18,210.21,-166.57
2018-08-19,210.32,-166.97
2018-08-20,210.19,-166.15
2018-08-21,211.01,-167.15
2018-08-22,210.35,-167.64
2018-08-23,210.54,-167.48
2018-08-24,210.42,-167.81
2018-08-25,210.75,-166.32
2018-08-26,209.94,-165.88
2018-08-27,210.79,-167.41
2018-08-28,210.50,-166.63
2018-08-29,210.98,-168.62
2018-08-30,211.12,-167.33
2018-08-31,211.87,-168.09
2018-09-01,211.22,-168.05
2018-09-02,210.23,-166.91
2018-09-03,211.20,-167.10
2018-09-04,210.46,-167.15
2018-09-05,211.86,-168.12
2018-09-06,210.27,-166.59
2018-09-07,211.96,-167.17
2018-09-08,212.13,-168.06
2018-09-09,212.23,-167.48
2018-09-10,212.68,-168.15
2018-09-11,211.95,-167.97
2018-09-12,211.91,-167.44
2018-09-13,212.00,-167.57
2018-09-14,211.07,-168.57
2018-09-15,211.14,-168.62
2018-09-16,212.99,-167.69
2018-09-17,212.03,-167.99
2018-09-18,212.50,-168.06
2018-09-19,212.80,-167.93
2018-09-20,213.48,-167.81
2018-09-21,213.48,-167.82
2018-09-22,212.39,-166.60
2018-09-23,212.70,-167.82
2018-09-24,211.86,-167.84
2018-09-25,212.59,-168.39
2018-09-26,212.49,-167.98
2018-09-27,212.60,-168.14
2018-09-28,213.14,-169.18
2018-09-29,213.20,-169.34
2018-09-30,213.32,-168.28
2018-10-01,215.00,-169.74
2018-10-02,213.49,-168.90
2018-10-03,213.71,-168.65
2018-10-04,213.62,-169.23
2018-10-05,213.30,-169.09
2018-10-06,214.47,-169.86
2018-10-07,212.25,-170.90
2018-10-08,212.74,-169.04
2018-10-09,214.20,-169.40
2018-10-10,214.21,-170.39
2018-10-11,213.42,-168.59
2018-10-12,214.59,-169.34
2018-10-13,213.02,-168.67
2018-10-14,214.56,-169.10
2018-10-15,215.01,-169.29
2018-10-16,215.34,-169.41
2018-10-17,214.12,-169.66
2018-10-18,214.15,-169.15
2018-10-19,214.48,-169.22
2018-10-20,214.46,-169.36
2018-10-21,214.29,-169.82
2018-10-22,214.44,-170.03
2018-10-23,214.88,-170.06
2018-10-24,214.58,-169.78
2018-10-25,214.39,-169.53
2018-10-26,214.74,-169.09
2018-10-27,214.81,-169.62
2018-10-28,214.87,-170.42
2018-10-29,214.41,-169.76
2018-10-30,215.49,-170.55
2018-10-31,215.08,-171.24
2018-11-01,216.19,-170.91
2018-11-02,215.66,-170.15
2018-11-03,215.74,-170.92
2018-11-04,215.32,-170.18
2018-11-05,215.38,-170.62
2018-11-06,215.25,-170.95
2018-11-07,214.53,-171.77
2018-11-08,215.59,-170.76
2018-11-09,215.43,-170.43
2018-11-10,215.27,-170.54
2018-11-11,216.22,-170.83
2018-11-12,215.52,-171.38
2018-11-13,215.47,-170.81
2018-11-14,216.48,-171.16
2018-11-15,215.67,-171.46
2018-11-16,215.94,-171.24
2018-11-17,216.73,-171.21
2018-11-18,216.56,-171.44
2018-11-19,216.60,-171.07
2018-11-20,215.66,-171.66
2018-11-21,215.53,-171.80
2018-11-22,215.01,-172.18
2018-11-23,216.54,-172.34
2018-11-24,216.97,-171.58
2018-11-25,217.61,-172.41
2018-11-26,216.79,-172.14
2018-11-27,217.75,-171.89
2018-11-28,216.35,-173.21
2018-11-29,217.77,-172.78
2018-11-30,216.67,-172.06
2018-12-01,217.83,-170.94
2018-12-02,217.14,-170.61
2018-12-03,217.59,-171.29
2018-12-04,218.41,-171.86
2018-12-05,216.52,-172.35
2018-12-06,216.78,-171.90
2018-12-07,217.88,-171.98
2018-12-08,218.30,-171.10
2018-12-09,218.06,-171.01
2018-12-10,217.61,-171.67
2018-12-11,218.71,-172.13
2018-12-12,218.09,-172.62
2018-12-13,218.30,-172.17
2018-12-14,217.94,-172.10
2018-12-15,217.93,-172.01
2018-12-16,219.80,-172.51
2018-12-17,217.99,-172.38
2018-12-18,218.35,-172.29
2018-12-19,218.85,-171.96
2018-12-20,217.56,-171.36
2018-12-21,218.24,-172.74
2018-12-22,218.64,-172.56
2018-12-23,218.31,-173.04
2018-12-24,219.86,-172.35
2018-12-25,217.69,-173.57
2018-12-26,218.71,-172.96
2018-12-27,219.10,-172.52
2018-12-28,220.19,-172.55
2018-12-29,218.81,-173.24
2018-12-30,218.93,-173.24
2018-12-31,217.00,-172.50
2019-01-01,219.82,-173.00
2019-01-02,219.45,-173.51
2019-01-03,219.66,-173.18
2019-01-04,219.20,-173.19
2019-01-05,218.22,-172.52
2019-01-06,218.93,-174.34
2019-01-07,218.16,-173.42
2019-01-08,218.35,-173.55
2019-01-09,218.27,-173.23
2019-01-10,219.73,-174.13
2019-01-11,221.23,-173.42
2019-01-12,220.72,-172.59
2019-01-13,219.94,-173.03
2019-01-14,220.33,-174.46
2019-01-15,219.40,-173.79
2019-01-16,219.68,-174.63
2019-01-17,221.66,-174.56
2019-01-18,221.99,-173.32
2019-01-19,220.82,-172.19
2019-01-20,220.19,-172.65
2019-01-21,219.72,-173.67
2019-01-22,220.35,-173.19
2019-01-23,220.36,-172.40
2019-01-24,221.04,-173.50
2019-01-25,220.13,-173.07
2019-01-26,219.93,-172.26
2019-01-27,220.64,-172.27
2019-01-28,221.51,-173.23
2019-01-29,222.00,-173.60
2019-01-30,220.56,-172.73
2019-01-31,220.13,-173.11
2019-02-01,220.81,-173.68
2019-02-02,221.66,-173.84
2019-02-03,221.46,-172.35
2019-02-04,220.50,-174.26
2019-02-05,220.88,-174.19
2019-02-06,220.93,-173.68
2019-02-07,221.57,-172.05
2019-02-08,221.29,-173.33
2019-02-09,221.51,-173.10
2019-02-10,220.34,-174.31
2019-02-11,220.36,-173.03
2019-02-12,220.69,-174.18
2019-02-13,221.27,-175.21
2019-02-14,220.55,-172.40
2019-02-15,221.36,-173.72
2019-02-16,220.48,-172.11
2019-02-17,221.72,-171.51
2019-02-18,221.56,-174.14
2019-02-19,222.25,-173.47
2019-02-20,221.21,-171.64
2019-02-21,220.54,-174.44
2019-02-22,221.42,-174.56
2019-02-23,221.87,-173.70
2019-02-24,221.24,-173.45
2019-02-25,222.47,-173.81
2019-02-26,222.23,-174.30
2019-02-27,221.49,-175.26
2019-02-28,222.60,-173.71
2019-03-01,223.02,-174.65
2019-03-02,222.79,-173.27
2019-03-03,223.31,-174.40
2019-03-04,223.07,-173.58
2019-03-05,222.02,-174.88
2019-03-06,222.45,-173.18
2019-03-07,222.74,-173.30
2019-03-08,223.71,-174.69
2019-03-09,222.56,-173.60
2019-03-10,223.16,-174.52
2019-03-11,222.52,-174.50
2019-03-12,223.14,-174.86
2019-03-13,223.47,-174.33
2019-03-14,223.27,-174.28
2019-03-15,223.18,-175.03
2019-03-16,222.97,-174.69
2019-03-17,223.11,-175.07
2019-03-18,223.76,-175.41
2019-03-19,222.59,-175.64
2019-03-20,223.12,-174.66
2019-03-21,223.15,-175.37
2019-03-22,223.66,-174.83
2019-03-23,223.67,-174.02
2019-03-24,223.65,-175.03
2019-03-25,223.80,-174.26
2019-03-26,224.48,-174.98
2019-03-27,222.38,-177.14
2019-03-28,225.65,-174.24
2019-03-29,223.86,-174.87
2019-03-30,224.38,-175.33
2019-03-31,226.05,-175.62
2019-04-01,223.55,-174.93
2019-04-02,223.80,-175.42
2019-04-03,223.53,-176.47
2019-04-04,225.67,-176.20
2019-04-05,224.88,-175.72
2019-04-06,223.22,-175.61
2019-04-07,224.23,-175.02
2019-04-08,224.41,-175.88
2019-04-09,223.29,-176.79
2019-04-10,224.53,-176.76
2019-04-11,224.38,-176.82
2019-04-12,224.31,-177.48
2019-04-13,224.54,-177.71
2019-04-14,225.59,-177.21
2019-04-15,223.16,-178.14
2019-04-16,224.16,-176.77
2019-04-17,224.01,-176.76
2019-04-18,224.13,-176.52
2019-04-19,225.06,-176.51
2019-04-20,225.23,-177.30
2019-04-21,224.40,-176.45
2019-04-22,224.04,-177.25
2019-04-23,224.89,-177.59
2019-04-24,224.01,-177.23
2019-04-25,224.26,-177.09
2019-04-26,224.44,-176.56
2019-04-27,223.88,-178.25
2019-04-28,224.72,-177.95
2019-04-29,224.91,-177.73
2019-04-30,224.55,-177.47
2019-05-01,224.93,-177.70
2019-05-02,224.37,-177.48
2019-05-03,225.31,-177.99
2019-05-04,224.49,-177.37
2019-05-05,224.43,-178.32
2019-05-06,224.02,-178.03
2019-05-07,225.37,-178.61
2019-05-08,225.70,-178.22
2019-05-09,224.76,-178.98
2019-05-10,225.42,-179.66
2019-05-11,225.16,-179.22
2019-05-12,225.61,-178.18
2019-05-13,225.99,-178.42
2019-05-14,225.01,-178.61
2019-05-15,225.22,-178.25
2019-05-16,226.11,-177.51
2019-05-17,225.99,-177.64
2019-05-18,224.63,-178.80
2019-05-19,224.83,-178.04
2019-05-20,225.57,-178.30
2019-05-21,224.71,-176.98
2019-05-22,225.09,-178.65
2019-05-23,225.42,-178.68
2019-05-24,226.14,-178.41
2019-05-25,225.89,-179.46
2019-05-26,227.69,-179.15
2019-05-27,225.78,-178.74
2019-05-28,226.69,-178.59
2019-05-29,226.19,-178.51
2019-05-30,226.03,-177.77
2019-05-31,226.82,-178.30
2019-06-01,226.75,-177.13
2019-06-02,226.97,-177.42
2019-06-03,227.18,-177.84
2019-06-04,227.43,-178.03
2019-06-05,225.51,-178.76
2019-06-06,225.45,-178.21
2019-06-07,225.89,-178.49
2019-06-08,227.05,-178.99
2019-06-09,227.29,-178.87
2019-06-10,227.66,-178.67
2019-06-11,228.46,-178.56
2019-06-12,227.93,-179.26
2019-06-13,227.87,-178.02
2019-06-14,227.10,-180.66
2019-06-15,227.61,-178.93
2019-06-16,226.72,-179.72
2019-06-17,226.99,-178.10
2019-06-18,227.38,-179.41
2019-06-19,228.10,-179.94
2019-06-20,226.77,-179.31
2019-06-21,228.66,-180.29
2019-06-22,228.31,-179.86
2019-06-23,227.59,-179.72
2019-06-24,227.94,-179.68
2019-06-25,227.79,-180.29
2019-06-26,227.55,-182.30
2019-06-27,226.84,-180.12
2019-06-28,227.69,-180.35
2019-06-29,227.83,-179.73
2019-06-30,228.31,-179.64
2019-07-01,227.85,-180.64
2019-07-02,228.07,-181.09
2019-07-03,227.00,-179.17
2019-07-04,228.48,-180.77
2019-07-05,228.42,-180.73
2019-07-06,228.24,-179.94
2019-07-07,228.16,-180.81
2019-07-08,227.88,-181.35
2019-07-09,228.70,-181.61
2019-07-10,228.76,-182.88
2019-07-11,229.29,-180.97
2019-07-12,229.64,-180.74
2019-07-13,229.46,-181.44
2019-07-14,228.67,-181.36
2019-07-15,228.89,-181.78
2019-07-16,227.64,-180.53
2019-07-17,229.06,-181.97
2019-07-18,229.56,-181.03
2019-07-19,229.97,-183.20
2019-07-20,229.43,-182.37
2019-07-21,230.15,-181.86
2019-07-22,229.39,-182.45
2019-07-23,229.67,-181.47
2019-07-24,230.40,-182.14
2019-07-25,229.26,-182.27
2019-07-26,229.31,-182.69
2019-07-27,229.07,-181.20
2019-07-28,229.68,-182.40
2019-07-29,230.40,-182.43
2019-07-30,229.17,-183.51
2019-07-31,229.93,-182.26
2019-08-01,229.99,-182.78
2019-08-02,229.52,-182.99
2019-08-03,229.78,-182.55
2019-08-04,229.94,-182.77
2019-08-05,230.41,-183.76
2019-08-06,229.66,-182.30
2019-08-07,228.03,-182.23
2019-08-08,228.93,-183.93
2019-08-09,230.71,-183.76
2019-08-10,229.73,-184.06
2019-08-11,230.54,-184.21
2019-08-12,231.12,-183.94
2019-08-13,230.26,-183.37
2019-08-14,230.88,-183.81
2019-08-15,229.69,-183.13
2019-08-16,230.13,-182.99
2019-08-17,230.88,-184.36
2019-08-18,229.80,-184.17
2019-08-19,230.14,-183.84
2019-08-20,230.34,-183.34
2019-08-21,230.12,-183.34
2019-08-22,230.92,-183.52
2019-08-23,231.64,-184.67
2019-08-24,230.85,-184.91
2019-08-25,231.20,-183.06
2019-08-26,230.34,-183.43
2019-08-27,230.75,-183.50
2019-08-28,231.39,-184.16
2019-08-29,231.50,-184.92
2019-08-30,231.29,-184.25
2019-08-31,230.31,-184.20
2019-09-01,230.91,-184.23
2019-09-02,231.08,-184.12
2019-09-03,231.34,-183.71
2019-09-04,230.88,-184.16
2019-09-05,231.06,-183.86
2019-09-06,230.97,-185.08
2019-09-07,232.57,-184.05
2019-09-08,231.07,-185.52
2019-09-09,231.37,-184.20
2019-09-10,231.25,-185.73
2019-09-11,232.47,-184.20
2019-09-12,231.53,-184.58
2019-09-13,231.49,-183.57
2019-09-14,231.28,-184.38
2019-09-15,230.80,-185.38
2019-09-16,232.20,-187.39
2019-09-17,231.69,-184.07
2019-09-18,232.41,-184.01
2019-09-19,231.61,-184.64
2019-09-20,233.03,-184.85
2019-09-21,231.74,-184.88
2019-09-22,232.38,-185.04
2019-09-23,230.46,-185.20
2019-09-24,232.39,-184.36
2019-09-25,231.22,-185.66
2019-09-26,232.55,-185.17
2019-09-27,232.30,-185.83
2019-09-28,231.92,-184.95
2019-09-29,233.19,-183.69
2019-09-30,233.95,-185.40
2019-10-01,232.64,-185.52
2019-10-02,233.16,-186.44
2019-10-03,233.09,-186.15
2019-10-04,231.84,-186.02
2019-10-05,232.87,-185.41
2019-10-06,233.21,-185.46
2019-10-07,233.91,-185.88
2019-10-08,233.97,-186.79
2019-10-09,233.55,-186.33
2019-10-10,233.27,-185.93
2019-10-11,233.41,-186.52
2019-10-12,233.27,-185.62
2019-10-13,233.35,-186.18
2019-10-14,232.43,-186.87
2019-10-15,232.88,-186.51
2019-10-16,233.85,-186.44
2019-10-17,233.83,-186.24
2019-10-18,231.90,-187.52
2019-10-19,232.71,-186.58
2019-10-20,233.86,-186.23
2019-10-21,234.72,-186.91
2019-10-22,233.73,-186.08
2019-10-23,234.68,-187.35
2019-10-24,233.57,-187.21
2019-10-25,234.01,-186.97
2019-10-26,234.71,-187.12
2019-10-27,235.73,-187.95
2019-10-28,235.12,-186.84
2019-10-29,234.27,-188.11
2019-10-30,235.49,-187.53
2019-10-31,235.43,-187.66
2019-11-01,234.45,-187.06
2019-11-02,234.67,-187.55
2019-11-03,233.90,-186.78
2019-11-04,234.97,-187.81
2019-11-05,235.56,-187.59
2019-11-06,234.42,-188.07
2019-11-07,234.50,-187.41
2019-11-08,234.11,-187.40
2019-11-09,235.47,-187.57
2019-11-10,235.26,-187.42
2019-11-11,235.18,-187.47
2019-11-12,236.46,-188.04
2019-11-13,236.62,-187.56
2019-11-14,235.39,-187.78
2019-11-15,235.14,-187.93
2019-11-16,235.08,-187.36
2019-11-17,236.47,-188.78
2019-11-18,237.24,-188.09
2019-11-19,234.95,-188.99
2019-11-20,234.44,-188.00
2019-11-21,236.16,-188.82
2019-11-22,235.64,-186.87
2019-11-23,236.88,-187.54
2019-11-24,237.43,-187.91
2019-11-25,236.24,-188.70
2019-11-26,235.90,-188.99
2019-11-27,236.94,-187.35
2019-11-28,235.70,-189.15
2019-11-29,237.08,-189.03
2019-11-30,235.78,-188.04
2019-12-01,238.45,-188.49
2019-12-02,237.18,-187.97
2019-12-03,236.36,-188.54
2019-12-04,238.72,-188.45
2019-12-05,236.77,-187.96
2019-12-06,235.63,-186.99
2019-12-07,234.61,-189.19
2019-12-08,236.71,-188.22
2019-12-09,238.23,-188.73
2019-12-10,237.40,-187.15
2019-12-11,238.76,-188.45
2019-12-12,237.02,-189.03
2019-12-13,238.45,-189.39
2019-12-14,237.95,-188.41
2019-12-15,237.79,-188.85
2019-12-16,236.56,-189.33
2019-12-17,237.65,-188.29
2019-12-18,239.12,-188.55
2019-12-19,238.82,-188.39
2019-12-20,238.21,-189.09
2019-12-21,236.69,-189.41
2019-12-22,237.94,-190.02
2019-12-23,238.34,-189.34
2019-12-24,238.67,-189.72
2019-12-25,238.54,-189.75
2019-12-26,238.77,-190.25
2019-12-27,239.30,-189.10
2019-12-28,239.93,-189.13
2019-12-29,238.74,-189.26
2019-12-30,238.61,-188.91
2019-12-31,239.44,-190.03
2020-01-01,240.36,-188.97
2020-01-02,240.00,-189.41
2020-01-03,240.49,-189.06
2020-01-04,240.53,-187.04
2020-01-05,240.79,-189.51
2020-01-06,239.36,-189.48
2020-01-07,240.26,-189.43
2020-01-08,239.38,-188.90
2020-01-09,239.45,-189.23
2020-01-10,240.88,-188.93
2020-01-11,240.28,-190.69
2020-01-12,239.55,-189.44
2020-01-13,240.11,-189.59
2020-01-14,240.78,-189.82
2020-01-15,239.98,-189.86
2020-01-16,239.47,-190.73
2020-01-17,239.78,-188.56
2020-01-18,240.17,-189.03
2020-01-19,240.46,-189.34
2020-01-20,241.92,-190.27
2020-01-21,240.33,-190.25
2020-01-22,240.15,-189.50
2020-01-23,241.16,-189.42
2020-01-24,240.65,-189.17
2020-01-25,241.47,-188.69
2020-01-26,241.35,-189.51
2020-01-27,241.22,-189.86
2020-01-28,240.40,-189.45
2020-01-29,240.74,-188.94
2020-01-30,241.90,-189.65
2020-01-31,241.59,-189.06
2020-02-01,242.35,-188.73
2020-02-02,241.96,-189.10
2020-02-03,240.66,-189.95
2020-02-04,240.67,-190.05
2020-02-05,242.25,-189.66
2020-02-06,241.39,-189.23
2020-02-07,241.77,-189.20
2020-02-08,241.48,-189.78
2020-02-09,242.34,-190.90
2020-02-10,243.51,-189.91
2020-02-11,240.40,-189.42
2020-02-12,241.33,-189.29
2020-02-13,241.29,-190.60
2020-02-14,241.95,-189.91
2020-02-15,241.52,-190.01
2020-02-16,242.54,-190.55
2020-02-17,242.20,-190.58
2020-02-18,242.31,-190.30
2020-02-19,241.94,-190.34
2020-02-20,242.49,-190.73
2020-02-21,242.20,-190.90
2020-02-22,242.52,-190.82
2020-02-23,241.35,-190.81
2020-02-24,240.94,-190.64
2020-02-25,241.05,-190.89
2020-02-26,242.03,-190.44
2020-02-27,243.39,-189.89
2020-02-28,241.83,-191.24
2020-02-29,240.84,-192.51
2020-03-01,240.98,-192.31
2020-03-02,238.89,-192.44
2020-03-03,241.94,-192.36
2020-03-04,242.90,-191.86
2020-03-05,241.43,-192.06
2020-03-06,241.77,-192.09
2020-03-07,243.17,-192.46
2020-03-08,241.01,-192.19
2020-03-09,242.79,-192.28
2020-03-10,241.05,-191.95
2020-03-11,243.16,-191.72
2020-03-12,242.19,-193.13
2020-03-13,241.75,-193.63
2020-03-14,241.29,-192.23
2020-03-15,241.48,-191.57
2020-03-16,242.01,-192.55
2020-03-17,240.98,-193.60
2020-03-18,241.83,-193.22
2020-03-19,243.05,-193.11
2020-03-20,241.87,-192.92
2020-03-21,242.50,-192.14
2020-03-22,241.77,-192.83
2020-03-23,240.77,-192.44
2020-03-24,242.02,-192.72
2020-03-25,242.44,-192.73
2020-03-26,241.37,-194.25
2020-03-27,241.74,-193.46
2020-03-28,242.50,-193.04
2020-03-29,242.95,-193.20
2020-03-30,242.08,-194.28
2020-03-31,243.42,-194.06
2020-04-01,240.78,-193.53
2020-04-02,241.66,-194.29
2020-04-03,242.28,-193.42
2020-04-04,241.40,-194.12
2020-04-05,242.59,-193.84
2020-04-06,241.76,-193.91
2020-04-07,244.35,-192.47
2020-04-08,242.47,-193.75
2020-04-09,242.87,-193.92
2020-04-10,244.41,-194.71
2020-04-11,241.28,-194.11
2020-04-12,242.55,-194.01
2020-04-13,242.46,-193.22
2020-04-14,243.27,-193.68
2020-04-15,242.50,-193.21
2020-04-16,242.99,-194.21
2020-04-17,242.20,-195.02
2020-04-18,242.26,-193.82
2020-04-19,243.27,-193.47
2020-04-20,243.51,-193.25
2020-04-21,243.20,-193.70
2020-04-22,243.96,-193.28
2020-04-23,244.46,-195.70
2020-04-24,243.59,-194.33
2020-04-25,243.18,-193.15
2020-04-26,243.84,-193.84
2020-04-27,243.31,-194.21
2020-04-28,243.53,-194.94
2020-04-29,244.32,-194.65
2020-04-30,243.80,-194.66
2020-05-01,243.97,-195.12
2020-05-02,242.59,-194.47
2020-05-03,245.45,-193.92
2020-05-04,244.05,-195.36
2020-05-05,243.67,-194.69
2020-05-06,243.94,-193.62
2020-05-07,244.17,-194.25
2020-05-08,244.32,-195.55
2020-05-09,244.21,-195.43
2020-05-10,244.48,-195.68
2020-05-11,242.90,-196.72
2020-05-12,244.22,-195.60
2020-05-13,246.38,-194.91
2020-05-14,245.44,-194.38
2020-05-15,244.69,-197.09
2020-05-16,244.82,-195.92
2020-05-17,244.15,-193.84
2020-05-18,243.61,-195.81
2020-05-19,245.38,-195.23
2020-05-20,246.21,-195.41
2020-05-21,244.95,-194.84
2020-05-22,245.17,-195.29
2020-05-23,246.29,-194.87
2020-05-24,244.94,-194.84
2020-05-25,246.51,-195.09
2020-05-26,244.62,-195.84
2020-05-27,245.87,-195.90
2020-05-28,244.59,-195.53
2020-05-29,245.75,-195.12
2020-05-30,246.22,-195.63
2020-05-31,245.18,-195.43
2020-06-01,246.31,-195.74
2020-06-02,247.37,-195.97
2020-06-03,246.19,-195.02
2020-06-04,246.35,-195.79
2020-06-05,244.07,-196.74
2020-06-06,246.42,-196.39
2020-06-07,245.91,-194.75
2020-06-08,247.25,-195.82
2020-06-09,246.78,-195.44
2020-06-10,246.61,-196.12
2020-06-11,248.25,-196.76
2020-06-12,247.26,-195.79
2020-06-13,247.25,-197.02
2020-06-14,247.46,-195.87
2020-06-15,246.68,-199.88
2020-06-16,245.69,-200.24
2020-06-17,247.29,-196.71
2020-06-18,249.01,-196.77
2020-06-19,247.77,-196.19
2020-06-20,247.11,-196.82
2020-06-21,246.32,-196.04
2020-06-22,248.34,-196.88
2020-06-23,247.58,-196.28
2020-06-24,247.26,-196.73
2020-06-25,249.10,-195.52
2020-06-26,248.39,-196.83
2020-06-27,248.10,-197.06
2020-06-28,246.01,-199.69
2020-06-29,248.75,-198.05
2020-06-30,248.10,-197.45
2020-07-01,247.83,-195.82
2020-07-02,248.76,-197.17
2020-07-03,247.99,-196.98
2020-07-04,248.25,-197.10
2020-07-05,248.46,-197.42
2020-07-06,248.41,-198.11
2020-07-07,248.47,-197.82
2020-07-08,248.21,-197.65
2020-07-09,248.01,-198.12
2020-07-10,249.02,-197.27
2020-07-11,248.47,-196.32
2020-07-12,248.68,-196.23
2020-07-13,247.62,-198.71
2020-07-14,248.98,-198.34
2020-07-15,248.65,-198.69
2020-07-16,248.14,-197.80
2020-07-17,248.83,-198.57
2020-07-18,248.41,-199.10
2020-07-19,249.26,-198.51
2020-07-20,247.36,-198.81
2020-07-21,250.09,-198.26
2020-07-22,248.59,-198.87
2020-07-23,248.98,-199.01
2020-07-24,248.43,-198.77
2020-07-25,249.34,-198.88
2020-07-26,247.96,-199.90
2020-07-27,248.91,-198.32
2020-07-28,248.28,-200.59
2020-07-29,248.78,-199.64
2020-07-30,248.27,-199.55
2020-07-31,248.55,-199.58
2020-08-01,247.37,-199.13
2020-08-02,248.34,-198.48
2020-08-03,249.17,-200.00
2020-08-04,249.85,-199.44
2020-08-05,249.20,-200.45
2020-08-06,249.82,-200.42
2020-08-07,249.01,-199.84
2020-08-08,249.70,-199.24
2020-08-09,249.87,-200.32
2020-08-10,248.67,-198.55
2020-08-11,251.18,-199.30
2020-08-12,248.73,-200.14
2020-08-13,251.91,-199.77
2020-08-14,250.54,-199.80
2020-08-15,249.24,-199.89
2020-08-16,250.56,-199.21
2020-08-17,250.10,-199.99
2020-08-18,250.30,-200.16
2020-08-19,250.98,-200.27
2020-08-20,249.88,-200.92
2020-08-21,250.25,-201.08
2020-08-22,250.46,-200.32
2020-08-23,248.97,-200.64
2020-08-24,249.24,-202.06
2020-08-25,250.02,-200.80
2020-08-26,248.92,-201.52
2020-08-27,250.19,-201.20
2020-08-28,250.36,-201.34
2020-08-29,249.42,-200.96
2020-08-30,249.38,-200.73
2020-08-31,249.43,-201.66
2020-09-01,251.70,-201.02
2020-09-02,250.67,-201.15
2020-09-03,251.76,-200.45
2020-09-04,250.09,-202.12
2020-09-05,250.95,-201.49
2020-09-06,251.78,-202.01
2020-09-07,250.98,-201.44
2020-09-08,250.07,-201.35
2020-09-09,250.85,-202.15
2020-09-10,251.05,-201.55
2020-09-11,250.68,-201.61
2020-09-12,250.64,-201.48
2020-09-13,250.31,-202.26
2020-09-14,251.52,-201.95
2020-09-15,251.25,-201.15
2020-09-16,252.09,-201.25
2020-09-17,251.09,-202.01
2020-09-18,251.27,-200.88
2020-09-19,252.08,-203.26
2020-09-20,252.51,-202.45
2020-09-21,252.41,-202.73
2020-09-22,251.74,-201.93
2020-09-23,251.60,-202.10
2020-09-24,251.15,-202.29
2020-09-25,252.11,-203.23
2020-09-26,252.61,-201.93
2020-09-27,252.62,-203.32
2020-09-28,251.78,-202.17
2020-09-29,252.80,-202.15
2020-09-30,252.14,-201.26
2020-10-01,252.38,-202.39
2020-10-02,252.23,-201.87
2020-10-03,251.81,-202.20
2020-10-04,252.04,-202.71
2020-10-05,252.48,-201.68
2020-10-06,253.15,-203.11
2020-10-07,253.59,-202.55
2020-10-08,252.87,-203.51
2020-10-09,252.62,-203.17
2020-10-10,252.45,-203.59
2020-10-11,251.87,-202.33
2020-10-12,252.82,-202.47
2020-10-13,252.65,-202.93
2020-10-14,252.88,-202.53
2020-10-15,252.82,-203.52
2020-10-16,252.52,-203.38
2020-10-17,253.20,-203.67
2020-10-18,253.43,-203.22
2020-10-19,252.42,-203.32
2020-10-20,252.94,-203.63
2020-10-21,251.59,-204.02
2020-10-22,252.83,-203.97
2020-10-23,252.53,-203.45
2020-10-24,252.41,-203.53
2020-10-25,253.47,-204.14
2020-10-26,252.33,-204.38
2020-10-27,255.29,-204.11
2020-10-28,253.76,-204.19
2020-10-29,253.62,-203.18
2020-10-30,254.03,-203.82
2020-10-31,253.85,-202.87
2020-11-01,253.60,-203.64
2020-11-02,253.32,-203.75
2020-11-03,254.10,-204.21
2020-11-04,253.51,-203.47
2020-11-05,254.15,-203.41
2020-11-06,253.52,-205.19
2020-11-07,253.12,-204.64
2020-11-08,255.13,-203.34
2020-11-09,255.74,-203.77
2020-11-10,254.81,-204.25
2020-11-11,255.49,-203.67
2020-11-12,255.09,-204.45
2020-11-13,255.83,-205.36
2020-11-14,256.05,-204.47
2020-11-15,255.44,-204.23
2020-11-16,255.02,-203.75
2020-11-17,254.24,-204.10
2020-11-18,255.21,-206.32
2020-11-19,255.88,-204.62
2020-11-20,255.83,-203.80
2020-11-21,255.36,-204.32
2020-11-22,255.43,-204.22
2020-11-23,255.88,-204.24
2020-11-24,255.38,-204.48
2020-11-25,254.74,-205.65
2020-11-26,256.09,-205.04
2020-11-27,255.82,-204.72
2020-11-28,256.41,-204.47
2020-11-29,256.54,-205.05
2020-11-30,255.75,-204.49
2020-12-01,256.33,-204.27
2020-12-02,256.76,-205.54
2020-12-03,256.01,-205.32
2020-12-04,255.77,-205.57
2020-12-05,255.97,-205.20
2020-12-06,256.28,-205.73
2020-12-07,254.53,-205.11
2020-12-08,257.21,-204.73
2020-12-09,256.11,-204.82
2020-12-10,256.05,-205.35
2020-12-11,254.85,-205.05
2020-12-12,255.45,-204.87
2020-12-13,256.74,-203.89
2020-12-14,255.90,-204.40
2020-12-15,256.23,-204.98
2020-12-16,255.51,-205.31
2020-12-17,255.56,-206.25
2020-12-18,257.09,-205.31
2020-12-19,257.40,-205.40
2020-12-20,256.49,-204.50
2020-12-21,256.63,-205.92
2020-12-22,256.62,-204.69
2020-12-23,257.43,-204.12
2020-12-24,257.25,-205.57
2020-12-25,257.12,-204.65
2020-12-26,256.67,-204.96
2020-12-27,256.78,-205.79
2020-12-28,256.09,-206.83
2020-12-29,256.67,-206.03
2020-12-30,257.47,-205.08
2020-12-31,257.09,-206.18
2021-01-01,257.32,-206.02
2021-01-02,257.42,-205.28
2021-01-03,256.12,-204.93
2021-01-04,256.69,-206.90
2021-01-05,258.43,-204.65
2021-01-06,258.04,-203.58
2021-01-07,257.80,-205.58
2021-01-08,258.48,-205.42
2021-01-09,257.89,-205.84
2021-01-10,257.82,-206.47
2021-01-11,258.63,-206.32
2021-01-12,258.03,-206.86
2021-01-13,258.71,-206.07
2021-01-14,258.38,-204.19
2021-01-15,257.88,-205.53
2021-01-16,258.80,-204.92
2021-01-17,259.65,-206.07
2021-01-18,256.31,-206.77
2021-01-19,257.62,-207.17
2021-01-20,258.57,-205.84
2021-01-21,259.06,-206.65
2021-01-22,259.06,-206.16
2021-01-23,258.99,-206.35
2021-01-24,258.38,-206.65
2021-01-25,256.66,-205.60
2021-01-26,256.92,-206.19
2021-01-27,257.89,-206.67
2021-01-28,258.35,-205.89
2021-01-29,258.88,-205.75
2021-01-30,258.18,-206.31
2021-01-31,259.10,-206.99
2021-02-01,258.19,-205.95
2021-02-02,260.06,-205.27
2021-02-03,260.42,-206.29
2021-02-04,259.71,-205.56
2021-02-05,259.02,-206.37
2021-02-06,259.06,-205.96
2021-02-07,259.11,-206.75
2021-02-08,259.30,-206.92
2021-02-09,258.65,-207.49
2021-02-10,259.34,-207.06
2021-02-11,258.98,-206.67
2021-02-12,258.66,-207.08
2021-02-13,259.06,-206.49
2021-02-14,259.67,-206.11
2021-02-15,260.06,-207.23
2021-02-16,258.58,-206.21
2021-02-17,259.74,-206.28
2021-02-18,260.58,-207.01
2021-02-19,259.70,-207.13
2021-02-20,261.51,-206.44
2021-02-21,260.67,-207.96
2021-02-22,260.31,-207.50
2021-02-23,260.29,-208.24
2021-02-24,260.08,-207.40
2021-02-25,258.89,-207.58
2021-02-26,260.72,-207.64
2021-02-27,260.34,-207.03
2021-02-28,260.37,-207.27
2021-03-01,260.16,-208.39
2021-03-02,260.20,-208.41
2021-03-03,259.93,-208.80
2021-03-04,260.31,-208.57
2021-03-05,259.36,-208.05
2021-03-06,259.49,-208.85
2021-03-07,261.42,-209.49
2021-03-08,261.95,-209.13
2021-03-09,261.05,-207.65
2021-03-10,259.99,-208.26
2021-03-11,259.71,-209.42
2021-03-12,259.13,-209.01
2021-03-13,261.18,-208.82
2021-03-14,259.32,-208.59
2021-03-15,260.16,-209.03
2021-03-16,259.80,-209.30
2021-03-17,260.90,-209.16
2021-03-18,260.93,-209.06
2021-03-19,261.19,-208.55
2021-03-20,260.74,-209.44
2021-03-21,260.97,-208.49
2021-03-22,261.11,-208.86
2021-03-23,259.88,-207.86
2021-03-24,259.07,-210.79
2021-03-25,261.16,-209.83
2021-03-26,260.50,-208.58
2021-03-27,261.17,-208.29
2021-03-28,261.16,-209.09
2021-03-29,262.56,-209.34
2021-03-30,260.85,-209.95
2021-03-31,261.48,-209.54
2021-04-01,260.74,-209.88
2021-04-02,261.84,-209.82
2021-04-03,261.56,-209.50
2021-04-04,260.98,-209.35
2021-04-05,261.19,-209.44
2021-04-06,261.12,-209.54
2021-04-07,261.63,-210.25
2021-04-08,262.50,-209.61
2021-04-09,261.69,-210.27
2021-04-10,261.44,-210.90
2021-04-11,262.20,-209.71
2021-04-12,262.08,-210.22
2021-04-13,261.62,-210.18
2021-04-14,261.87,-211.11
2021-04-15,262.77,-209.91
2021-04-16,262.79,-210.71
2021-04-17,262.93,-209.83
2021-04-18,263.07,-209.86
2021-04-19,262.70,-209.69
2021-04-20,262.35,-209.56
2021-04-21,261.99,-211.27
2021-04-22,262.77,-210.72
2021-04-23,262.77,-211.10
2021-04-24,262.59,-211.45
2021-04-25,263.06,-209.98
2021-04-26,262.05,-210.73
2021-04-27,262.77,-210.73
2021-04-28,263.05,-210.25
2021-04-29,262.97,-210.22
2021-04-30,263.21,-210.60
2021-05-01,262.42,-209.35
2021-05-02,262.39,-210.91
2021-05-03,264.16,-211.52
2021-05-04,262.93,-210.58
2021-05-05,262.73,-210.46
2021-05-06,263.76,-209.54
2021-05-07,263.16,-210.90
2021-05-08,263.72,-210.83
2021-05-09,263.12,-210.04
2021-05-10,261.44,-211.26
2021-05-11,264.53,-210.78
2021-05-12,262.91,-212.24
2021-05-13,262.98,-211.63
2021-05-14,264.34,-210.84
2021-05-15,263.10,-212.36
2021-05-16,263.84,-211.52
2021-05-17,264.44,-211.27
2021-05-18,263.58,-211.89
2021-05-19,264.15,-211.77
2021-05-20,262.14,-212.28
2021-05-21,263.98,-211.96
2021-05-22,264.36,-211.79
2021-05-23,264.51,-212.27
2021-05-24,264.61,-211.26
2021-05-25,265.39,-211.85
2021-05-26,264.57,-211.18
2021-05-27,264.72,-212.32
2021-05-28,264.02,-211.30
2021-05-29,264.93,-212.01
2021-05-30,263.94,-212.01
2021-05-31,265.16,-212.81
2021-06-01,264.88,-211.51
2021-06-02,264.56,-211.22
2021-06-03,265.82,-211.44
2021-06-04,265.48,-211.72
2021-06-05,265.96,-211.36
2021-06-06,265.68,-211.61
2021-06-07,266.33,-213.57
2021-06-08,265.64,-213.48
2021-06-09,265.64,-212.05
2021-06-10,266.09,-210.65
2021-06-11,266.50,-211.90
2021-06-12,265.17,-213.87
2021-06-13,264.42,-212.95
2021-06-14,264.67,-213.23
2021-06-15,266.29,-211.89
2021-06-16,267.91,-212.94
2021-06-17,265.78,-212.97
2021-06-18,265.62,-213.38
2021-06-19,265.73,-212.84
2021-06-20,267.21,-212.38
2021-06-21,266.60,-212.32
2021-06-22,266.62,-213.52
2021-06-23,266.43,-213.45
2021-06-24,266.28,-212.70
2021-06-25,266.20,-213.34
2021-06-26,265.80,-213.40
2021-06-27,265.49,-213.59
2021-06-28,266.00,-213.11
2021-06-29,265.66,-213.26
2021-06-30,265.71,-212.61
2021-07-01,265.86,-212.51
2021-07-02,267.05,-213.22
2021-07-03,265.77,-213.45
2021-07-04,266.42,-213.45
2021-07-05,266.08,-212.63
2021-07-06,266.68,-214.47
2021-07-07,267.13,-213.11
2021-07-08,267.19,-214.07
2021-07-09,267.59,-212.88
2021-07-10,266.52,-214.12
2021-07-11,266.56,-213.28
2021-07-12,268.20,-214.18
2021-07-13,267.34,-214.61
2021-07-14,267.35,-214.01
2021-07-15,268.14,-214.24
2021-07-16,267.47,-213.61
2021-07-17,268.13,-214.24
2021-07-18,266.93,-214.90
2021-07-19,266.93,-215.01
2021-07-20,267.03,-213.75
2021-07-21,266.61,-215.27
2021-07-22,267.10,-213.84
2021-07-23,268.43,-214.88
2021-07-24,267.35,-214.61
2021-07-25,268.37,-214.30
2021-07-26,267.82,-215.10
2021-07-27,267.37,-214.12
2021-07-28,267.59,-215.22
2021-07-29,267.54,-215.66
2021-07-30,268.09,-215.31
2021-07-31,269.18,-214.96
2021-08-01,267.67,-214.92
2021-08-02,268.18,-215.00
2021-08-03,268.59,-215.47
2021-08-04,269.09,-215.08
2021-08-05,268.57,-216.62
2021-08-06,268.50,-215.45
2021-08-07,268.95,-215.39
2021-08-08,269.86,-215.03
2021-08-09,268.50,-215.71
2021-08-10,270.43,-215.04
2021-08-11,268.24,-216.50
2021-08-12,269.44,-215.17
2021-08-13,269.45,-215.70
2021-08-14,270.07,-214.98
2021-08-15,270.22,-215.84
2021-08-16,269.49,-215.82
2021-08-17,268.25,-217.12
2021-08-18,269.94,-216.31
2021-08-19,269.52,-216.40
2021-08-20,269.36,-215.41
2021-08-21,268.77,-216.55
2021-08-22,269.87,-216.04
2021-08-23,270.72,-216.13
2021-08-24,270.79,-216.65
2021-08-25,269.47,-215.98
2021-08-26,269.68,-215.80
2021-08-27,269.87,-217.12
2021-08-28,269.39,-217.76
2021-08-29,269.64,-216.90
2021-08-30,269.80,-217.38
2021-08-31,270.23,-217.19
2021-09-01,269.55,-217.39
2021-09-02,269.94,-217.53
2021-09-03,270.48,-217.24
2021-09-04,270.31,-217.51
2021-09-05,270.29,-217.02
2021-09-06,270.98,-217.59
2021-09-07,270.89,-216.41
2021-09-08,269.96,-217.05
2021-09-09,270.76,-216.74
2021-09-10,271.73,-218.57
2021-09-11,271.04,-216.82
2021-09-12,271.57,-217.26
2021-09-13,270.45,-218.03
2021-09-14,271.42,-216.90
2021-09-15,271.73,-218.61
2021-09-16,270.41,-217.15
2021-09-17,269.93,-217.59
2021-09-18,270.17,-218.72
2021-09-19,272.75,-215.63
2021-09-20,271.18,-217.81
2021-09-21,271.02,-217.76
2021-09-22,270.32,-217.34
2021-09-23,271.41,-217.68
2021-09-24,271.79,-218.65
2021-09-25,271.49,-218.38
2021-09-26,271.09,-218.06
2021-09-27,270.63,-218.19
2021-09-28,272.53,-219.64
2021-09-29,271.67,-217.85
2021-09-30,270.86,-218.30
2021-10-01,271.06,-218.55
2021-10-02,272.03,-218.21
2021-10-03,272.13,-217.74
2021-10-04,271.97,-219.57
2021-10-05,271.65,-218.29
2021-10-06,272.37,-218.32
2021-10-07,271.29,-219.15
2021-10-08,272.61,-220.11
2021-10-09,272.64,-218.69
2021-10-10,271.94,-218.70
2021-10-11,272.51,-219.79
2021-10-12,271.44,-218.82
2021-10-13,272.18,-218.30
2021-10-14,271.23,-218.44
2021-10-15,272.38,-218.67
2021-10-16,272.18,-218.54
2021-10-17,272.17,-219.06
2021-10-18,273.03,-218.96
2021-10-19,272.15,-218.96
2021-10-20,271.72,-219.25
2021-10-21,272.54,-218.74
2021-10-22,274.75,-220.60
2021-10-23,273.41,-219.68
2021-10-24,273.81,-218.52
2021-10-25,274.63,-218.67
2021-10-26,274.09,-218.63
2021-10-27,273.26,-218.91
2021-10-28,274.74,-218.93
2021-10-29,273.90,-218.83
2021-10-30,273.88,-218.81
2021-10-31,273.34,-218.98
2021-11-01,273.94,-218.36
2021-11-02,275.12,-219.06
2021-11-03,272.81,-219.03
2021-11-04,272.32,-217.47
2021-11-05,273.54,-218.63
2021-11-06,272.93,-219.64
2021-11-07,275.17,-219.31
2021-11-08,274.08,-218.73
2021-11-09,274.60,-217.91
2021-11-10,275.65,-219.71
2021-11-11,273.72,-217.29
2021-11-12,274.33,-218.27
2021-11-13,273.81,-217.84
2021-11-14,273.94,-217.52
2021-11-15,274.88,-219.16
2021-11-16,275.49,-218.55
2021-11-17,274.13,-218.97
2021-11-18,273.87,-219.91
2021-11-19,276.15,-218.91
2021-11-20,274.61,-218.70
2021-11-21,274.38,-218.54
2021-11-22,274.51,-219.37
2021-11-23,274.28,-219.51
2021-11-24,275.83,-218.57
2021-11-25,274.60,-218.95
2021-11-26,275.17,-219.23
2021-11-27,274.20,-219.87
2021-11-28,274.63,-219.28
2021-11-29,275.01,-220.52
2021-11-30,275.04,-219.88
2021-12-01,274.83,-220.12
2021-12-02,273.99,-220.14
2021-12-03,275.43,-219.20
2021-12-04,275.08,-220.38
2021-12-05,275.28,-219.65
2021-12-06,274.85,-219.75
2021-12-07,275.32,-220.30
2021-12-08,274.93,-220.49
2021-12-09,276.00,-221.25
2021-12-10,276.49,-220.26
2021-12-11,275.59,-219.60
2021-12-12,275.82,-220.08
2021-12-13,273.94,-221.03
2021-12-14,274.54,-220.66
2021-12-15,275.28,-219.91
2021-12-16,275.25,-220.24
2021-12-17,276.18,-218.91
2021-12-18,275.86,-218.79
2021-12-19,274.31,-219.53
2021-12-20,275.81,-220.27
2021-12-21,274.64,-219.08
2021-12-22,275.73,-220.20
2021-12-23,276.14,-221.91
2021-12-24,275.86,-220.85
2021-12-25,276.73,-219.32
2021-12-26,275.39,-219.99
2021-12-27,275.85,-219.77
2021-12-28,275.98,-220.41
2021-12-29,276.58,-220.89
2021-12-30,276.54,-220.80
2021-12-31,276.19,-220.23
2022-01-01,277.88,-219.83
2022-01-02,277.97,-220.26
2022-01-03,277.27,-220.84
2022-01-04,276.57,-221.36
2022-01-05,278.15,-220.82
2022-01-06,276.68,-219.92
2022-01-07,275.65,-221.37
2022-01-08,277.69,-220.76
2022-01-09,277.56,-220.28
2022-01-10,278.04,-219.79
2022-01-11,279.01,-220.08
2022-01-12,278.14,-220.67
2022-01-13,277.04,-220.49
2022-01-14,277.73,-219.75
2022-01-15,277.04,-220.49
2022-01-16,279.32,-219.93
2022-01-17,277.13,-219.59
2022-01-18,277.36,-220.55
2022-01-19,278.35,-220.35
2022-01-20,277.11,-219.97
2022-01-21,277.10,-220.75
2022-01-22,277.36,-221.51
2022-01-23,278.50,-219.82
2022-01-24,278.03,-220.41
2022-01-25,278.19,-222.44
2022-01-26,277.65,-220.49
2022-01-27,277.31,-219.63
2022-01-28,278.18,-221.43
2022-01-29,278.34,-222.23
2022-01-30,278.18,-222.51
2022-01-31,277.45,-221.41
2022-02-01,276.57,-220.43
2022-02-02,277.24,-222.99
2022-02-03,277.83,-221.94
2022-02-04,277.62,-221.72
2022-02-05,279.91,-221.85
2022-02-06,278.63,-222.70
2022-02-07,278.91,-222.80
2022-02-08,277.95,-222.79
2022-02-09,278.44,-222.16
2022-02-10,278.52,-222.80
2022-02-11,279.00,-224.20
2022-02-12,277.75,-221.50
2022-02-13,278.56,-222.31
2022-02-14,278.20,-222.30
2022-02-15,278.75,-223.07
2022-02-16,277.34,-223.00
2022-02-17,278.51,-222.98
2022-02-18,278.57,-222.33
2022-02-19,280.06,-223.23
2022-02-20,279.97,-223.87
2022-02-21,278.53,-224.34
2022-02-22,276.99,-222.30
2022-02-23,278.86,-223.26
2022-02-24,279.08,-222.93
2022-02-25,278.83,-223.24
2022-02-26,278.51,-223.00
2022-02-27,278.64,-222.49
2022-02-28,279.11,-223.08
2022-03-01,278.86,-222.74
2022-03-02,278.71,-223.54
2022-03-03,279.31,-224.11
2022-03-04,278.84,-224.06
2022-03-05,278.78,-223.68
2022-03-06,279.64,-223.60
2022-03-07,279.69,-222.53
2022-03-08,278.46,-223.62
2022-03-09,277.59,-223.87
2022-03-10,279.21,-223.25
2022-03-11,280.31,-223.65
2022-03-12,279.35,-224.23
2022-03-13,279.38,-224.05
2022-03-14,280.38,-224.28
2022-03-15,280.74,-224.02
2022-03-16,279.27,-223.73
2022-03-17,280.80,-224.44
2022-03-18,279.41,-223.42
2022-03-19,279.79,-225.10
2022-03-20,278.55,-224.00
2022-03-21,280.00,-223.77
2022-03-22,280.73,-223.94
2022-03-23,279.48,-223.75
2022-03-24,280.16,-223.48
2022-03-25,278.99,-223.86
2022-03-26,278.91,-223.51
2022-03-27,278.97,-224.45
2022-03-28,280.14,-224.66
2022-03-29,279.94,-224.03
2022-03-30,280.76,-223.74
2022-03-31,279.91,-224.14
2022-04-01,280.69,-224.66
2022-04-02,280.64,-224.54
2022-04-03,280.72,-224.81
2022-04-04,280.71,-224.77
2022-04-05,280.52,-223.55
2022-04-06,280.28,-224.32
2022-04-07,280.26,-224.22
2022-04-08,281.24,-224.35
2022-04-09,280.82,-223.60
2022-04-10,279.83,-225.22
2022-04-11,281.48,-224.21
2022-04-12,279.90,-223.88
2022-04-13,280.87,-222.70
2022-04-14,280.51,-225.29
2022-04-15,279.86,-224.68
2022-04-16,280.65,-226.09
2022-04-17,281.14,-224.89
2022-04-18,282.13,-224.22
2022-04-19,281.36,-224.49
2022-04-20,281.64,-225.23
2022-04-21,281.39,-222.94
2022-04-22,282.29,-225.18
2022-04-23,282.43,-224.21
2022-04-24,281.07,-224.17
2022-04-25,280.72,-224.92
2022-04-26,280.96,-224.15
2022-04-27,280.56,-225.11
2022-04-28,282.05,-226.22
2022-04-29,282.51,-224.15
2022-04-30,281.03,-225.27
2022-05-01,282.01,-226.70
2022-05-02,283.80,-226.47
2022-05-03,283.02,-225.23
2022-05-04,281.80,-225.13
2022-05-05,282.62,-225.90
2022-05-06,282.16,-224.89
2022-05-07,281.74,-225.36
2022-05-08,282.46,-226.49
2022-05-09,283.37,-224.12
2022-05-10,283.49,-225.22
2022-05-11,282.59,-226.56
2022-05-12,282.71,-225.69
2022-05-13,281.44,-225.72
2022-05-14,282.70,-226.60
2022-05-15,282.59,-226.00
2022-05-16,282.36,-227.31
2022-05-17,281.71,-226.49
2022-05-18,282.11,-226.18
2022-05-19,282.49,-226.41
2022-05-20,282.47,-225.95
2022-05-21,282.25,-226.22
2022-05-22,282.65,-226.33
2022-05-23,282.04,-226.45
2022-05-24,283.25,-226.61
2022-05-25,283.83,-227.03
2022-05-26,282.98,-227.16
2022-05-27,283.20,-227.31
2022-05-28,283.46,-226.14
2022-05-29,283.97,-227.03
2022-05-30,282.97,-227.56
2022-05-31,283.18,-227.15
2022-06-01,282.53,-227.25
2022-06-02,283.13,-226.64
2022-06-03,283.65,-227.17
2022-06-04,283.68,-227.03
2022-06-05,281.33,-226.99
2022-06-06,283.45,-226.63
2022-06-07,283.08,-227.18
2022-06-08,282.84,-226.44
2022-06-09,282.75,-226.92
2022-06-10,283.82,-227.15
2022-06-11,283.15,-227.14
2022-06-12,283.05,-228.60
2022-06-13,283.69,-227.71
2022-06-14,284.86,-226.69
2022-06-15,284.00,-227.20
2022-06-16,284.40,-228.18
2022-06-17,284.26,-229.90
2022-06-18,283.05,-227.95
2022-06-19,284.32,-227.81
2022-06-20,284.24,-227.82
2022-06-21,283.54,-227.59
2022-06-22,284.16,-228.27
2022-06-23,284.64,-227.21
2022-06-24,283.22,-226.98
2022-06-25,283.97,-228.64
2022-06-26,284.10,-227.64
2022-06-27,284.32,-228.18
2022-06-28,283.51,-226.05
2022-06-29,284.22,-227.65
2022-06-30,284.60,-227.66
2022-07-01,284.62,-228.49
2022-07-02,284.00,-229.37
2022-07-03,283.64,-228.80
2022-07-04,285.09,-229.00
2022-07-05,284.55,-228.91
2022-07-06,285.11,-228.50
2022-07-07,284.65,-230.00
2022-07-08,285.22,-228.78
2022-07-09,284.78,-228.52
2022-07-10,285.33,-228.20
2022-07-11,285.81,-229.02
2022-07-12,284.85,-229.13
2022-07-13,285.86,-228.41
2022-07-14,284.67,-227.92
2022-07-15,285.88,-228.82
2022-07-16,285.52,-229.55
2022-07-17,284.88,-227.60
2022-07-18,286.06,-229.22
2022-07-19,284.95,-226.82
2022-07-20,285.70,-230.17
2022-07-21,285.43,-228.81
2022-07-22,286.37,-229.55
2022-07-23,285.43,-228.66
2022-07-24,286.36,-229.66
2022-07-25,287.42,-230.37
2022-07-26,286.62,-229.36
2022-07-27,285.99,-230.38
2022-07-28,286.40,-228.80
2022-07-29,285.94,-229.58
2022-07-30,286.86,-229.07
2022-07-31,286.53,-229.66
2022-08-01,289.04,-229.35
2022-08-02,286.36,-229.55
2022-08-03,286.24,-230.23
2022-08-04,285.79,-230.46
2022-08-05,286.58,-230.00
2022-08-06,286.95,-230.91
2022-08-07,286.47,-229.10
2022-08-08,286.21,-230.39
2022-08-09,288.03,-231.50
2022-08-10,286.91,-230.22
2022-08-11,287.99,-230.16
2022-08-12,286.52,-230.27
2022-08-13,286.23,-229.84
2022-08-14,286.95,-231.78
2022-08-15,287.35,-230.81
2022-08-16,287.58,-230.88
2022-08-17,287.04,-229.88
2022-08-18,285.36,-230.87
2022-08-19,287.54,-230.34
2022-08-20,287.78,-231.14
2022-08-21,287.84,-231.16
2022-08-22,288.20,-230.06
2022-08-23,287.77,-231.00
2022-08-24,287.86,-231.11
2022-08-25,288.27,-229.95
2022-08-26,288.29,-230.73
2022-08-27,287.56,-230.95
2022-08-28,288.04,-232.24
2022-08-29,287.87,-232.47
2022-08-30,287.68,-230.98
2022-08-31,288.22,-231.56
2022-09-01,287.58,-231.96
2022-09-02,287.62,-231.63
2022-09-03,288.30,-231.04
2022-09-04,289.68,-232.29
2022-09-05,288.16,-232.04
2022-09-06,288.61,-231.10
2022-09-07,289.06,-230.90
2022-09-08,289.16,-230.85
2022-09-09,289.33,-231.70
2022-09-10,287.54,-232.08
2022-09-11,287.79,-232.32
2022-09-12,289.20,-232.01
2022-09-13,288.30,-233.67
2022-09-14,289.55,-233.02
2022-09-15,288.45,-232.76
2022-09-16,289.36,-232.72
2022-09-17,289.58,-233.85
2022-09-18,289.31,-234.56
2022-09-19,290.17,-232.61
2022-09-20,289.44,-232.44
2022-09-21,289.98,-232.96
2022-09-22,289.62,-232.67
2022-09-23,289.79,-232.63
2022-09-24,290.30,-232.49
2022-09-25,290.31,-232.58
2022-09-26,289.69,-232.82
2022-09-27,290.03,-233.29
2022-09-28,289.36,-232.74
2022-09-29,290.62,-233.65
2022-09-30,289.37,-232.78
2022-10-01,289.98,-233.79
2022-10-02,289.43,-233.27
2022-10-03,289.64,-232.52
2022-10-04,290.50,-232.12
2022-10-05,289.77,-233.13
2022-10-06,289.61,-232.70
2022-10-07,290.90,-232.80
2022-10-08,289.87,-233.55
2022-10-09,290.15,-233.32
2022-10-10,290.68,-233.52
2022-10-11,291.07,-233.54
2022-10-12,290.43,-232.92
2022-10-13,289.61,-232.45
2022-10-14,291.07,-233.87
2022-10-15,289.83,-234.07
2022-10-16,290.14,-233.56
2022-10-17,290.52,-233.73
2022-10-18,290.92,-232.61
2022-10-19,290.73,-232.99
2022-10-20,291.54,-233.60
2022-10-21,291.38,-234.32
2022-10-22,291.76,-235.82
2022-10-23,292.36,-234.87
2022-10-24,292.01,-234.43
2022-10-25,292.08,-234.15
2022-10-26,292.23,-232.98
2022-10-27,291.87,-233.89
2022-10-28,291.82,-233.59
2022-10-29,293.27,-233.46
2022-10-30,292.04,-233.66
2022-10-31,291.47,-233.92
2022-11-01,291.17,-233.81
2022-11-02,292.26,-232.88
2022-11-03,291.56,-234.31
2022-11-04,292.86,-233.46
2022-11-05,293.29,-233.64
2022-11-06,292.78,-234.84
2022-11-07,291.72,-234.08
2022-11-08,292.55,-234.62
2022-11-09,291.00,-234.90
2022-11-10,291.82,-233.96
2022-11-11,293.15,-234.41
2022-11-12,292.39,-234.96
2022-11-13,292.99,-234.98
2022-11-14,293.26,-234.62
2022-11-15,293.73,-234.07
2022-11-16,293.28,-233.57
2022-11-17,292.83,-234.29
2022-11-18,293.80,-234.30
2022-11-19,294.32,-235.05
2022-11-20,293.58,-235.16
2022-11-21,293.92,-234.79
2022-11-22,294.15,-235.58
2022-11-23,293.60,-235.29
2022-11-24,293.31,-234.26
2022-11-25,293.63,-235.03
2022-11-26,293.94,-235.65
2022-11-27,293.86,-235.52
2022-11-28,294.78,-235.89
2022-11-29,294.00,-235.35
2022-11-30,292.70,-235.25
2022-12-01,294.31,-235.40
2022-12-02,293.29,-236.22
2022-12-03,293.36,-236.34
2022-12-04,296.04,-236.00
2022-12-05,293.57,-236.01
2022-12-06,293.83,-236.05
2022-12-07,294.40,-235.47
2022-12-08,294.64,-234.96
2022-12-09,294.06,-235.88
2022-12-10,292.76,-237.21
2022-12-11,294.01,-236.45
2022-12-12,294.56,-236.77
2022-12-13,295.42,-235.88
2022-12-14,295.14,-235.70
2022-12-15,294.84,-235.11
2022-12-16,294.24,-235.19
2022-12-17,295.17,-235.68
2022-12-18,295.58,-236.26
2022-12-19,294.74,-235.91
2022-12-20,294.83,-235.88
2022-12-21,295.85,-235.33
2022-12-22,295.38,-234.87
2022-12-23,295.02,-236.20
2022-12-24,294.23,-235.57
2022-12-25,295.07,-235.84
2022-12-26,295.77,-236.46
2022-12-27,295.43,-237.47
2022-12-28,295.96,-236.09
2022-12-29,296.15,-236.62
2022-12-30,296.97,-238.36
2022-12-31,297.49,-237.40
2023-01-01,296.47,-235.98
2023-01-02,295.47,-236.72
2023-01-03,295.25,-235.98
2023-01-04,295.16,-235.70
2023-01-05,295.14,-235.94
2023-01-06,296.36,-235.75
2023-01-07,297.18,-236.45
2023-01-08,295.23,-236.15
2023-01-09,297.31,-237.93
2023-01-10,297.18,-236.92
2023-01-11,297.43,-235.49
2023-01-12,296.68,-236.69
2023-01-13,297.68,-237.47
2023-01-14,296.19,-236.53
2023-01-15,296.53,-236.99
2023-01-16,296.54,-236.90
2023-01-17,297.74,-236.14
2023-01-18,297.14,-235.10
2023-01-19,299.15,-235.33
2023-01-20,296.91,-236.20
2023-01-21,297.35,-235.71
2023-01-22,298.36,-236.07
2023-01-23,299.02,-236.20
2023-01-24,297.76,-235.87
2023-01-25,297.07,-234.32
2023-01-26,296.85,-238.34
2023-01-27,297.86,-235.60
2023-01-28,297.35,-236.98
2023-01-29,297.75,-237.28
2023-01-30,297.58,-236.82
2023-01-31,298.48,-236.64
2023-02-01,298.27,-236.74
2023-02-02,298.29,-236.70
2023-02-03,296.91,-236.78
2023-02-04,298.65,-236.34
2023-02-05,298.39,-237.39
2023-02-06,297.99,-235.82
2023-02-07,298.20,-236.95
2023-02-08,298.27,-237.32
2023-02-09,298.13,-236.74
2023-02-10,298.42,-237.70
2023-02-11,298.48,-237.55
2023-02-12,298.51,-237.30
2023-02-13,298.25,-238.39
2023-02-14,297.74,-236.79
2023-02-15,298.20,-237.75
2023-02-16,298.02,-237.19
2023-02-17,298.54,-238.05
2023-02-18,298.37,-237.96
2023-02-19,298.22,-238.28
2023-02-20,298.86,-237.45
2023-02-21,297.91,-239.18
2023-02-22,296.61,-237.94
2023-02-23,298.08,-238.55
2023-02-24,298.27,-238.74
2023-02-25,298.45,-239.66
2023-02-26,298.91,-238.11
2023-02-27,298.44,-237.82
2023-02-28,299.24,-238.88
2023-03-01,296.91,-239.03
2023-03-02,298.38,-237.63
2023-03-03,298.47,-237.99
2023-03-04,297.26,-238.30
2023-03-05,297.79,-237.77
2023-03-06,297.54,-238.07
2023-03-07,298.37,-237.68
2023-03-08,298.47,-238.42
2023-03-09,299.00,-238.39
2023-03-10,299.89,-239.49
2023-03-11,298.88,-238.21
2023-03-12,299.33,-238.35
2023-03-13,299.41,-238.71
2023-03-14,298.24,-240.24
2023-03-15,300.62,-237.84
2023-03-16,299.64,-237.78
2023-03-17,299.26,-238.40
2023-03-18,300.30,-238.35
2023-03-19,300.37,-238.78
2023-03-20,298.96,-238.10
2023-03-21,300.38,-239.21
2023-03-22,299.89,-239.58
2023-03-23,299.07,-238.91
2023-03-24,300.18,-238.13
2023-03-25,300.46,-238.69
2023-03-26,300.10,-238.46
2023-03-27,300.81,-238.67
2023-03-28,300.43,-239.20
2023-03-29,300.26,-238.59
2023-03-30,299.40,-238.68
2023-03-31,300.93,-239.05
2023-04-01,302.17,-238.03
2023-04-02,301.50,-238.30
2023-04-03,300.25,-238.64
2023-04-04,300.36,-238.67
2023-04-05,301.40,-239.11
2023-04-06,301.57,-239.05
2023-04-07,301.56,-239.71
2023-04-08,301.17,-239.66
2023-04-09,301.22,-238.14
2023-04-10,300.58,-239.33
2023-04-11,302.52,-239.81
2023-04-12,300.81,-239.13
2023-04-13,303.24,-239.69
2023-04-14,300.60,-239.51
2023-04-15,301.46,-239.58
2023-04-16,302.16,-239.34
2023-04-17,301.79,-239.84
2023-04-18,301.17,-238.80
2023-04-19,302.61,-239.44
2023-04-20,301.47,-238.78
2023-04-21,302.33,-239.05
2023-04-22,301.43,-239.56
2023-04-23,302.26,-239.99
2023-04-24,301.54,-238.84
2023-04-25,301.72,-240.25
2023-04-26,302.63,-240.00
2023-04-27,303.11,-240.14
2023-04-28,301.48,-240.34
2023-04-29,301.81,-241.71
2023-04-30,301.98,-240.39
2023-05-01,303.18,-241.26
2023-05-02,303.09,-240.21
2023-05-03,302.34,-241.37
2023-05-04,302.55,-240.80
2023-05-05,302.82,-241.60
2023-05-06,301.75,-241.22
2023-05-07,302.48,-240.60
2023-05-08,301.78,-240.36
2023-05-09,302.58,-240.20
2023-05-10,301.81,-241.34
2023-05-11,302.29,-240.64
2023-05-12,302.44,-240.83
2023-05-13,302.78,-241.23
2023-05-14,302.36,-240.98
2023-05-15,302.79,-240.76
2023-05-16,302.83,-240.72
2023-05-17,302.90,-241.35
2023-05-18,302.65,-241.18
2023-05-19,302.34,-240.40
2023-05-20,302.41,-241.70
2023-05-21,301.58,-241.22
2023-05-22,302.98,-241.64
2023-05-23,302.68,-241.18
2023-05-24,301.68,-241.88
2023-05-25,302.76,-242.12
2023-05-26,302.71,-241.81
2023-05-27,302.86,-242.14
2023-05-28,302.65,-242.41
2023-05-29,302.87,-243.44
2023-05-30,303.11,-242.25
2023-05-31,304.22,-242.32
2023-06-01,303.10,-243.32
2023-06-02,303.68,-241.94
2023-06-03,303.10,-241.97
2023-06-04,303.54,-241.85
2023-06-05,301.90,-242.74
2023-06-06,302.22,-242.47
2023-06-07,302.12,-241.71
2023-06-08,303.04,-242.31
2023-06-09,302.17,-241.76
2023-06-10,302.80,-242.16
2023-06-11,304.35,-242.81
2023-06-12,302.74,-242.27
2023-06-13,304.03,-241.87
2023-06-14,304.03,-242.45
2023-06-15,303.74,-242.31
2023-06-16,303.52,-242.44
2023-06-17,304.39,-242.60
2023-06-18,302.74,-244.24
2023-06-19,302.58,-240.71
2023-06-20,304.06,-242.31
2023-06-21,304.72,-243.02
2023-06-22,304.34,-242.86
2023-06-23,303.97,-242.57
2023-06-24,302.73,-244.01
2023-06-25,304.22,-243.43
2023-06-26,304.79,-242.71
2023-06-27,304.27,-243.19
2023-06-28,304.33,-243.59
2023-06-29,304.24,-243.78
2023-06-30,304.92,-243.83
2023-07-01,304.60,-243.36
2023-07-02,303.97,-243.74
2023-07-03,304.62,-244.12
2023-07-04,304.80,-243.91
2023-07-05,304.51,-243.39
2023-07-06,304.81,-243.79
2023-07-07,303.87,-244.44
2023-07-08,305.01,-243.90
2023-07-09,304.01,-244.19
2023-07-10,304.09,-243.68
2023-07-11,304.21,-244.15
2023-07-12,304.88,-244.30
2023-07-13,305.53,-244.68
2023-07-14,304.23,-244.40
2023-07-15,305.05,-245.17
2023-07-16,305.12,-244.90
2023-07-17,304.15,-244.63
2023-07-18,305.50,-245.65
2023-07-19,304.99,-244.66
2023-07-20,304.79,-245.01
2023-07-21,305.16,-244.59
2023-07-22,305.18,-244.42
2023-07-23,305.94,-245.93
2023-07-24,304.73,-245.30
2023-07-25,304.73,-244.25
2023-07-26,305.60,-244.62
2023-07-27,304.90,-243.78
2023-07-28,305.88,-244.68
2023-07-29,305.70,-244.42
2023-07-30,303.74,-244.36
2023-07-31,307.05,-244.61
2023-08-01,306.19,-244.53
2023-08-02,305.33,-244.92
2023-08-03,304.47,-244.26
2023-08-04,304.66,-243.88
2023-08-05,304.84,-243.99
2023-08-06,306.25,-245.87
2023-08-07,305.78,-245.81
2023-08-08,305.58,-244.82
2023-08-09,305.89,-245.44
2023-08-10,306.17,-245.18
2023-08-11,305.67,-245.42
2023-08-12,307.15,-245.71
2023-08-13,306.93,-245.58
2023-08-14,305.63,-245.19
2023-08-15,305.47,-245.89
2023-08-16,305.79,-247.49
2023-08-17,306.07,-247.77
2023-08-18,306.47,-245.42
2023-08-19,306.10,-247.02
2023-08-20,305.89,-247.87
2023-08-21,305.93,-247.01
2023-08-22,305.75,-246.13
2023-08-23,306.69,-246.02
2023-08-24,304.97,-247.09
2023-08-25,306.33,-247.11
2023-08-26,305.67,-246.01
2023-08-27,306.52,-245.75
2023-08-28,306.67,-246.74
2023-08-29,306.08,-246.80
2023-08-30,306.64,-246.37
2023-08-31,307.17,-247.00
2023-09-01,305.69,-247.66
2023-09-02,307.25,-247.45
2023-09-03,306.78,-247.77
2023-09-04,308.18,-247.97
2023-09-05,306.85,-246.98
2023-09-06,306.29,-247.04
2023-09-07,307.30,-247.74
2023-09-08,308.04,-246.84
2023-09-09,306.76,-246.45
2023-09-10,307.04,-246.57
2023-09-11,307.38,-247.21
2023-09-12,307.18,-247.25
2023-09-13,308.30,-246.74
2023-09-14,308.19,-247.14
2023-09-15,307.77,-247.33
2023-09-16,308.30,-248.20
2023-09-17,308.49,-247.41
2023-09-18,307.42,-248.46
2023-09-19,307.23,-247.65
2023-09-20,308.74,-247.80
2023-09-21,307.54,-247.95
2023-09-22,308.04,-247.53
2023-09-23,309.10,-247.98
2023-09-24,307.53,-247.49
2023-09-25,308.11,-249.95
2023-09-26,308.96,-246.65
2023-09-27,309.39,-247.59
2023-09-28,308.76,-247.77
2023-09-29,307.78,-249.07
2023-09-30,308.18,-247.20
2023-10-01,309.56,-247.85
2023-10-02,308.96,-247.82
2023-10-03,309.41,-248.42
2023-10-04,309.93,-248.26
2023-10-05,309.50,-247.71
2023-10-06,308.27,-247.88
2023-10-07,308.59,-248.41
2023-10-08,309.16,-248.44
2023-10-09,308.51,-247.77
2023-10-10,308.59,-248.33
2023-10-11,308.47,-248.59
2023-10-12,309.11,-247.96
2023-10-13,309.96,-248.56
2023-10-14,309.98,-248.20
2023-10-15,309.75,-247.70
2023-10-16,309.96,-248.66
2023-10-17,311.36,-248.43
2023-10-18,309.50,-247.76
2023-10-19,310.20,-247.81
2023-10-20,309.53,-249.23
2023-10-21,310.28,-248.47
2023-10-22,310.08,-248.43
2023-10-23,310.81,-249.02
2023-10-24,309.86,-249.15
2023-10-25,311.82,-248.90
2023-10-26,309.63,-247.31
2023-10-27,310.28,-248.84
2023-10-28,311.59,-248.78
2023-10-29,312.30,-248.15
2023-10-30,311.70,-248.44
2023-10-31,309.96,-248.76
2023-11-01,312.10,-249.30
2023-11-02,310.50,-248.49
2023-11-03,311.63,-249.65
2023-11-04,311.65,-249.40
2023-11-05,310.03,-249.52
2023-11-06,312.88,-247.08
2023-11-07,311.32,-248.84
2023-11-08,312.86,-249.53
2023-11-09,312.34,-249.29
2023-11-10,311.52,-249.23
2023-11-11,312.44,-250.50
2023-11-12,312.52,-249.60
2023-11-13,311.41,-250.47
2023-11-14,311.64,-250.89
2023-11-15,311.91,-250.41
2023-11-16,311.75,-250.21
2023-11-17,311.46,-249.74
2023-11-18,312.34,-249.82
2023-11-19,314.14,-248.58
2023-11-20,310.90,-250.95
2023-11-21,311.97,-249.21
2023-11-22,312.07,-249.64
2023-11-23,311.74,-250.07
2023-11-24,312.26,-250.97
2023-11-25,313.49,-250.72
2023-11-26,312.63,-250.14
2023-11-27,312.95,-249.84
2023-11-28,312.32,-250.00
2023-11-29,311.71,-249.74
2023-11-30,312.42,-250.06
2023-12-01,312.85,-252.54
2023-12-02,312.94,-250.59
2023-12-03,312.91,-251.08
2023-12-04,312.74,-250.76
2023-12-05,313.53,-250.02
2023-12-06,312.60,-251.01
2023-12-07,312.76,-251.19
2023-12-08,313.77,-251.62
2023-12-09,314.28,-250.40
2023-12-10,313.51,-250.72
2023-12-11,312.89,-251.20
2023-12-12,314.15,-250.52
2023-12-13,313.84,-251.71
2023-12-14,313.38,-250.34
2023-12-15,312.88,-250.71
2023-12-16,311.99,-251.27
2023-12-17,314.12,-252.02
2023-12-18,312.84,-252.57
2023-12-19,312.62,-252.05
2023-12-20,311.89,-252.79
2023-12-21,313.21,-252.94
2023-12-22,313.68,-251.55
2023-12-23,313.69,-251.55
2023-12-24,314.16,-251.39
2023-12-25,313.77,-250.60
2023-12-26,315.51,-251.46
2023-12-27,313.57,-250.87
2023-12-28,314.58,-251.60
2023-12-29,313.41,-251.51
2023-12-30,313.90,-251.34
2023-12-31,313.57,-251.31
2024-01-01,314.20,-252.08
2024-01-02,314.31,-250.42
2024-01-03,314.66,-252.79
2024-01-04,314.62,-251.41
2024-01-05,315.01,-251.32
2024-01-06,316.20,-250.26
2024-01-07,314.58,-252.45
2024-01-08,314.83,-252.07
2024-01-09,316.08,-253.18
2024-01-10,315.12,-251.12
2024-01-11,315.58,-251.83
2024-01-12,315.25,-251.71
2024-01-13,314.63,-251.35
2024-01-14,314.76,-252.62
2024-01-15,315.73,-251.10
2024-01-16,314.77,-252.38
2024-01-17,315.96,-252.99
2024-01-18,316.08,-252.94
2024-01-19,316.41,-253.30
2024-01-20,316.15,-253.14
2024-01-21,316.40,-253.73
2024-01-22,316.31,-253.54
2024-01-23,317.85,-253.12
2024-01-24,317.55,-253.21
2024-01-25,315.54,-252.23
2024-01-26,316.57,-252.06
2024-01-27,316.68,-251.93
2024-01-28,317.06,-252.78
2024-01-29,316.80,-253.24
2024-01-30,316.71,-253.42
2024-01-31,315.36,-254.08
2024-02-01,317.75,-252.78
2024-02-02,317.12,-252.21
2024-02-03,317.05,-253.53
2024-02-04,316.27,-254.87
2024-02-05,315.46,-254.60
2024-02-06,316.33,-253.04
2024-02-07,316.72,-251.94
2024-02-08,317.25,-252.90
2024-02-09,316.81,-252.75
2024-02-10,315.52,-253.83
2024-02-11,316.47,-253.78
2024-02-12,317.55,-253.76
2024-02-13,316.30,-253.86
2024-02-14,316.01,-253.57
2024-02-15,317.26,-254.07
2024-02-16,317.08,-253.31
2024-02-17,317.63,-253.41
2024-02-18,316.74,-252.98
2024-02-19,317.00,-256.80
2024-02-20,317.03,-256.51
2024-02-21,317.02,-253.99
2024-02-22,317.25,-253.96
2024-02-23,317.42,-253.91
2024-02-24,316.69,-252.97
2024-02-25,317.32,-254.49
2024-02-26,317.66,-255.30
2024-02-27,316.95,-253.93
2024-02-28,318.08,-253.77
2024-02-29,318.71,-254.20
2024-03-01,318.20,-252.38
2024-03-02,316.90,-255.08
2024-03-03,318.50,-253.31
2024-03-04,317.35,-253.98
2024-03-05,316.78,-254.23
2024-03-06,318.83,-254.53
2024-03-07,318.26,-253.92
2024-03-08,317.87,-253.42
2024-03-09,317.75,-254.20
2024-03-10,317.25,-254.36
2024-03-11,318.94,-253.60
2024-03-12,318.65,-254.87
2024-03-13,319.29,-253.93
2024-03-14,318.71,-254.48
2024-03-15,319.42,-252.59
2024-03-16,319.17,-254.11
2024-03-17,319.42,-254.83
2024-03-18,318.98,-254.57
2024-03-19,318.63,-253.94
2024-03-20,318.47,-255.03
2024-03-21,317.63,-254.42
2024-03-22,318.36,-254.47
2024-03-23,319.50,-255.77
2024-03-24,318.82,-256.73
2024-03-25,319.76,-256.20
2024-03-26,318.82,-255.47
2024-03-27,318.79,-255.07
2024-03-28,322.03,-255.75
2024-03-29,320.20,-255.41
2024-03-30,319.79,-255.98
2024-03-31,318.69,-255.73
2024-04-01,320.56,-255.22
2024-04-02,320.27,-255.44
2024-04-03,319.55,-255.17
2024-04-04,319.94,-254.65
2024-04-05,320.59,-256.79
2024-04-06,320.10,-255.26
2024-04-07,319.40,-255.06
2024-04-08,319.86,-256.00
2024-04-09,320.60,-256.10
2024-04-10,320.23,-255.32
2024-04-11,320.52,-256.28
2024-04-12,319.76,-256.28
2024-04-13,320.71,-254.59
2024-04-14,321.39,-256.27
2024-04-15,319.90,-255.45
2024-04-16,320.60,-256.84
2024-04-17,320.48,-255.57
2024-04-18,320.58,-255.44
2024-04-19,320.90,-256.09
2024-04-20,320.50,-256.00
2024-04-21,320.54,-256.10
2024-04-22,320.79,-256.16
2024-04-23,320.23,-256.50
2024-04-24,320.09,-256.99
2024-04-25,320.54,-257.11
2024-04-26,318.91,-255.08
2024-04-27,319.82,-256.80
2024-04-28,321.04,-256.83
2024-04-29,321.96,-257.66
2024-04-30,321.69,-256.75
2024-05-01,321.01,-256.66
2024-05-02,319.77,-256.88
2024-05-03,321.10,-257.39
2024-05-04,320.74,-256.97
2024-05-05,319.99,-256.65
2024-05-06,321.15,-257.55
2024-05-07,322.07,-258.58
2024-05-08,320.52,-256.97
2024-05-09,321.88,-257.21
2024-05-10,321.25,-256.70
2024-05-11,321.29,-257.47
2024-05-12,320.92,-256.80
2024-05-13,320.99,-257.81
2024-05-14,321.17,-257.38
2024-05-15,321.11,-257.49
2024-05-16,321.91,-258.36
2024-05-17,322.89,-257.77
2024-05-18,321.65,-258.36
2024-05-19,322.53,-257.41
2024-05-20,320.91,-257.48
2024-05-21,321.59,-257.75
2024-05-22,321.96,-257.97
2024-05-23,321.24,-258.17
2024-05-24,323.03,-258.65
2024-05-25,323.14,-258.10
2024-05-26,322.50,-257.37
2024-05-27,321.13,-257.75
2024-05-28,321.97,-257.98
2024-05-29,322.67,-257.74
2024-05-30,321.92,-258.62
2024-05-31,322.05,-258.31
2024-06-01,321.82,-258.41
2024-06-02,322.29,-257.97
2024-06-03,323.61,-259.15
2024-06-04,322.19,-258.64
2024-06-05,320.52,-258.00
2024-06-06,322.35,-258.84
2024-06-07,321.29,-258.47
2024-06-08,321.41,-259.45
2024-06-09,321.73,-259.15
2024-06-10,322.53,-259.11
2024-06-11,322.53,-259.56
2024-06-12,323.02,-259.56
2024-06-13,322.82,-259.56
2024-06-14,323.79,-260.24
2024-06-15,321.77,-259.25
2024-06-16,322.04,-259.14
2024-06-17,321.06,-257.97
2024-06-18,322.54,-259.66
2024-06-19,322.74,-259.60
2024-06-20,322.43,-259.33
2024-06-21,323.36,-259.84
2024-06-22,322.40,-259.68
2024-06-23,323.43,-259.57
2024-06-24,322.48,-259.76
2024-06-25,321.90,-259.45
2024-06-26,324.41,-259.07
2024-06-27,323.92,-260.55
2024-06-28,322.66,-259.34
2024-06-29,323.22,-260.23
2024-06-30,323.13,-259.74
2024-07-01,323.48,-259.90
2024-07-02,323.44,-259.37
2024-07-03,323.19,-260.19
2024-07-04,323.37,-260.00
2024-07-05,322.50,-260.24
2024-07-06,323.39,-259.83
2024-07-07,322.85,-259.93
2024-07-08,324.32,-260.16
2024-07-09,323.64,-260.91
2024-07-10,323.53,-260.78
2024-07-11,323.93,-261.23
2024-07-12,323.61,-260.95
2024-07-13,322.92,-260.71
2024-07-14,324.28,-261.13
2024-07-15,323.94,-259.37
2024-07-16,322.65,-260.46
2024-07-17,322.82,-260.04
2024-07-18,322.54,-260.30
2024-07-19,324.61,-260.26
2024-07-20,323.46,-260.55
2024-07-21,322.86,-260.78
2024-07-22,322.62,-261.20
2024-07-23,323.32,-260.93
2024-07-24,323.63,-261.01
2024-07-25,324.86,-261.31
2024-07-26,323.19,-262.17
2024-07-27,322.58,-263.53
2024-07-28,323.29,-261.30
2024-07-29,324.13,-261.37
2024-07-30,324.87,-261.57
2024-07-31,324.16,-260.75
2024-08-01,324.41,-261.23
2024-08-02,323.71,-262.39
2024-08-03,323.01,-260.99
2024-08-04,323.84,-261.64
2024-08-05,324.79,-261.83
2024-08-06,323.44,-261.25
2024-08-07,323.58,-261.75
2024-08-08,323.57,-261.57
2024-08-09,325.29,-262.51
2024-08-10,325.07,-262.63
2024-08-11,324.84,-262.52
2024-08-12,325.10,-264.47
2024-08-13,325.40,-261.63
2024-08-14,324.74,-262.71
2024-08-15,325.32,-262.30
2024-08-16,324.76,-262.27
2024-08-17,324.63,-263.03
2024-08-18,325.96,-262.60
2024-08-19,326.02,-262.51
2024-08-20,326.58,-263.24
2024-08-21,326.74,-263.00
2024-08-22,326.35,-263.70
2024-08-23,327.23,-263.02
2024-08-24,327.23,-263.23
2024-08-25,328.28,-262.61
2024-08-26,327.01,-263.01
2024-08-27,326.80,-263.16
2024-08-28,326.23,-262.81
2024-08-29,326.28,-263.30
2024-08-30,326.89,-263.11
2024-08-31,326.43,-262.68
2024-09-01,327.39,-263.32
2024-09-02,326.47,-263.66
2024-09-03,327.36,-263.32
2024-09-04,327.25,-262.98
2024-09-05,327.66,-262.73
2024-09-06,326.72,-263.04
2024-09-07,327.32,-262.91
2024-09-08,327.10,-263.41
2024-09-09,328.07,-263.91
2024-09-10,328.14,-263.67
2024-09-11,327.19,-264.49
2024-09-12,328.04,-263.81
2024-09-13,327.26,-263.20
2024-09-14,328.04,-263.55
2024-09-15,326.12,-263.95
2024-09-16,328.98,-262.56
2024-09-17,327.47,-262.89
2024-09-18,327.31,-263.35
2024-09-19,327.65,-264.09
2024-09-20,327.59,-263.43
2024-09-21,327.05,-264.08
2024-09-22,327.60,-263.30
2024-09-23,327.25,-263.61
2024-09-24,328.23,-263.65
2024-09-25,327.21,-263.92
2024-09-26,328.37,-263.61
2024-09-27,327.51,-263.78
2024-09-28,328.43,-263.72
2024-09-29,328.05,-263.12
2024-09-30,327.68,-264.57
2024-10-01,328.55,-263.70
2024-10-02,327.75,-264.24
2024-10-03,328.15,-264.04
2024-10-04,328.53,-264.57
2024-10-05,328.23,-264.54
2024-10-06,328.33,-263.72
2024-10-07,328.70,-264.13
2024-10-08,328.35,-263.55
2024-10-09,329.00,-264.02
2024-10-10,328.25,-264.55
2024-10-11,329.22,-264.40
2024-10-12,328.90,-264.45
2024-10-13,329.55,-265.16
2024-10-14,328.87,-264.08
2024-10-15,329.61,-264.65
2024-10-16,330.39,-264.94
2024-10-17,328.42,-265.23
2024-10-18,330.35,-266.74
2024-10-19,330.12,-265.91
2024-10-20,330.77,-264.53
2024-10-21,330.59,-265.08
2024-10-22,330.49,-264.83
2024-10-23,330.28,-264.68
2024-10-24,329.21,-265.89
2024-10-25,329.67,-265.06
2024-10-26,331.09,-265.79
2024-10-27,331.26,-265.88
2024-10-28,329.32,-265.37
2024-10-29,329.74,-265.85
2024-10-30,330.45,-264.58
2024-10-31,331.26,-266.40
2024-11-01,330.48,-265.42
2024-11-02,331.63,-265.13
2024-11-03,330.09,-266.16
2024-11-04,330.93,-265.78
2024-11-05,329.70,-265.70
2024-11-06,330.72,-265.19
2024-11-07,330.16,-264.51
2024-11-08,330.08,-265.49
2024-11-09,330.53,-264.74
2024-11-10,330.76,-265.12
2024-11-11,331.01,-266.26
2024-11-12,331.20,-265.92
2024-11-13,330.84,-265.83
2024-11-14,330.65,-265.24
2024-11-15,331.04,-266.34
2024-11-16,330.41,-266.44
2024-11-17,331.48,-266.82
2024-11-18,331.62,-266.31
2024-11-19,330.24,-265.84
2024-11-20,330.94,-265.21
2024-11-21,331.29,-268.43
2024-11-22,332.48,-264.88
2024-11-23,331.60,-265.07
2024-11-24,332.38,-266.09
2024-11-25,331.83,-266.89
2024-11-26,330.12,-266.42
2024-11-27,332.95,-265.24
2024-11-28,332.39,-265.89
2024-11-29,332.61,-266.16
2024-11-30,332.27,-265.94
2024-12-01,332.02,-266.11
2024-12-02,331.23,-265.85
2024-12-03,331.71,-266.88
2024-12-04,332.21,-266.10
2024-12-05,332.62,-266.31
2024-12-06,334.09,-267.66
2024-12-07,333.13,-267.85
2024-12-08,332.99,-266.79
2024-12-09,334.11,-266.32
2024-12-10,333.54,-266.57
2024-12-11,333.60,-267.54
2024-12-12,334.30,-269.26
2024-12-13,332.97,-268.38
2024-12-14,333.75,-268.92
2024-12-15,334.20,-267.73
2024-12-16,334.36,-268.54
2024-12-17,334.78,-268.31
2024-12-18,334.55,-268.05
2024-12-19,334.30,-267.75
2024-12-20,334.96,-268.28
2024-12-21,334.36,-268.85
2024-12-22,334.34,-269.10
2024-12-23,335.54,-269.71
2024-12-24,334.36,-268.60
2024-12-25,334.39,-268.68
2024-12-26,336.79,-269.38
2024-12-27,334.50,-268.35
2024-12-28,334.54,-269.42
2024-12-29,334.96,-269.12
2024-12-30,334.19,-269.56
2024-12-31,335.29,-268.82
2025-01-01,334.22,-269.04
2025-01-02,334.71,-268.27
2025-01-03,335.60,-269.75
2025-01-04,334.71,-268.74
2025-01-05,335.04,-268.38
2025-01-06,334.63,-268.45
2025-01-07,334.04,-268.37
2025-01-08,335.80,-269.09
2025-01-09,335.32,-268.71
2025-01-10,336.13,-269.80
2025-01-11,336.18,-269.50
2025-01-12,335.49,-270.20
2025-01-13,336.90,-268.84
2025-01-14,336.13,-268.85
2025-01-15,335.92,-269.06
2025-01-16,335.63,-268.65
2025-01-17,335.04,-269.04
2025-01-18,335.32,-269.36
2025-01-19,335.21,-268.68
2025-01-20,335.07,-269.50
2025-01-21,336.68,-268.61
2025-01-22,336.42,-269.48
2025-01-23,335.49,-270.39
2025-01-24,336.20,-270.39
2025-01-25,335.33,-270.28
2025-01-26,336.08,-269.84
2025-01-27,335.45,-270.08
2025-01-28,336.38,-270.13
2025-01-29,335.57,-270.13
2025-01-30,336.06,-269.61
2025-01-31,336.15,-270.73
2025-02-01,336.45,-269.91
2025-02-02,338.17,-268.63
2025-02-03,336.52,-270.64
2025-02-04,335.71,-268.91
2025-02-05,336.29,-270.01
2025-02-06,335.44,-271.73
2025-02-07,336.62,-271.27
2025-02-08,337.03,-269.90
2025-02-09,337.24,-269.55
2025-02-10,336.62,-269.60
2025-02-11,336.39,-270.61
2025-02-12,336.44,-270.47
2025-02-13,336.05,-270.16
2025-02-14,338.33,-269.07
2025-02-15,336.68,-269.26
2025-02-16,337.50,-270.46
2025-02-17,337.59,-271.83
2025-02-18,337.16,-270.04
2025-02-19,337.34,-269.15
2025-02-20,338.02,-270.10
2025-02-21,337.75,-269.86
2025-02-22,337.02,-270.47
2025-02-23,337.33,-270.25
2025-02-24,337.46,-270.96
2025-02-25,336.84,-270.56
2025-02-26,337.82,-270.03
2025-02-27,337.68,-271.37
2025-02-28,337.43,-270.09
2025-03-01,337.76,-270.76
2025-03-02,337.99,-270.19
2025-03-03,337.97,-270.94
2025-03-04,338.04,-270.60
2025-03-05,337.17,-270.31
2025-03-06,337.86,-271.60
2025-03-07,337.00,-270.66
2025-03-08,338.31,-271.03
2025-03-09,337.58,-270.71
2025-03-10,336.69,-271.34
2025-03-11,337.45,-271.65
2025-03-12,337.38,-272.28
2025-03-13,338.03,-270.22
2025-03-14,337.27,-271.28
2025-03-15,338.48,-270.89
2025-03-16,338.34,-271.25
2025-03-17,338.59,-272.22
2025-03-18,338.92,-271.07
2025-03-19,338.62,-270.56
2025-03-20,339.38,-270.55
2025-03-21,338.60,-270.99
2025-03-22,339.33,-271.74
2025-03-23,339.07,-272.02
2025-03-24,339.16,-270.67
2025-03-25,339.88,-271.98
2025-03-26,338.25,-272.52
2025-03-27,339.80,-272.52
2025-03-28,339.18,-271.46
2025-03-29,339.31,-273.18
2025-03-30,339.91,-274.52
2025-03-31,340.23,-272.03
2025-04-01,340.69,-271.85
2025-04-02,339.90,-271.45
2025-04-03,339.70,-272.45
2025-04-04,339.32,-273.43
2025-04-05,340.10,-272.20
2025-04-06,340.15,-272.12
2025-04-07,339.75,-272.49
2025-04-08,340.20,-272.22
2025-04-09,340.76,-272.66
2025-04-10,340.05,-273.29
2025-04-11,340.63,-273.36
2025-04-12,340.05,-272.52
2025-04-13,340.40,-272.87
2025-04-14,340.75,-273.60
2025-04-15,340.61,-273.45
2025-04-16,340.26,-273.08
2025-04-17,340.33,-273.93
2025-04-18,340.53,-273.47
2025-04-19,340.35,-273.33
2025-04-20,340.81,-273.25
2025-04-21,340.33,-273.78
2025-04-22,339.94,-273.40
2025-04-23,339.99,-274.65
2025-04-24,340.50,-274.14
2025-04-25,341.07,-274.03
2025-04-26,340.46,-274.30
2025-04-27,340.61,-274.35
2025-04-28,341.21,-274.33
2025-04-29,341.54,-274.47
2025-04-30,341.07,-274.44
2025-05-01,340.78,-274.42
2025-05-02,341.27,-274.11
2025-05-03,341.96,-275.26
2025-05-04,342.04,-275.09
2025-05-05,340.94,-274.12
2025-05-06,341.68,-275.71
2025-05-07,341.75,-275.14
2025-05-08,341.71,-274.28
2025-05-09,341.60,-274.54
2025-05-10,341.97,-275.12
2025-05-11,341.41,-274.74
2025-05-12,341.84,-275.16
2025-05-13,341.68,-274.57
2025-05-14,342.16,-274.45
2025-05-15,341.77,-275.43
2025-05-16,342.20,-274.62
2025-05-17,340.75,-274.94
2025-05-18,342.33,-274.86
2025-05-19,341.33,-274.98
2025-05-20,342.36,-275.03
2025-05-21,341.86,-275.00
2025-05-22,341.77,-275.31
2025-05-23,340.96,-275.88
2025-05-24,341.56,-275.80
2025-05-25,341.70,-276.36
2025-05-26,341.55,-275.73
2025-05-27,342.57,-274.52
2025-05-28,342.15,-275.73
2025-05-29,342.02,-276.11
2025-05-30,342.78,-274.74
2025-05-31,342.53,-276.01
2025-06-01,342.14,-275.87
2025-06-02,343.09,-275.86
2025-06-03,342.25,-275.58
2025-06-04,343.13,-276.31
2025-06-05,342.68,-276.32
2025-06-06,343.11,-276.22
2025-06-07,342.77,-275.54
2025-06-08,342.35,-276.12
2025-06-09,342.97,-275.58
2025-06-10,343.02,-275.51
2025-06-11,342.47,-276.47
2025-06-12,343.38,-275.97
2025-06-13,343.21,-276.88
2025-06-14,342.83,-276.50
2025-06-15,343.15,-276.07
2025-06-16,342.74,-275.72
2025-06-17,342.78,-276.12
2025-06-18,343.54,-276.29
2025-06-19,343.95,-276.67
2025-06-20,343.22,-277.83
2025-06-21,343.62,-276.00
2025-06-22,344.57,-276.25
2025-06-23,343.71,-276.22
2025-06-24,343.60,-276.94
2025-06-25,343.44,-277.51
2025-06-26,344.75,-276.30
2025-06-27,343.65,-277.20
2025-06-28,343.69,-277.63
2025-06-29,343.07,-277.80
2025-06-30,343.45,-277.01
2025-07-01,343.08,-276.64
2025-07-02,344.33,-275.97
2025-07-03,344.96,-276.55
2025-07-04,344.19,-276.63
2025-07-05,343.78,-277.35
2025-07-06,344.38,-277.48
2025-07-07,343.77,-277.25
2025-07-08,345.22,-277.28
2025-07-09,344.86,-276.63
2025-07-10,345.17,-277.54
2025-07-11,343.57,-278.05
2025-07-12,344.43,-277.78
2025-07-13,344.60,-277.60
2025-07-14,344.53,-277.74
2025-07-15,344.27,-277.40
2025-07-16,344.14,-277.67
2025-07-17,344.97,-278.95
2025-07-18,345.53,-278.25
2025-07-19,345.05,-277.91
2025-07-20,344.66,-278.13
2025-07-21,344.34,-277.77
2025-07-22,345.06,-276.78
2025-07-23,344.36,-278.75
2025-07-24,343.35,-278.21
2025-07-25,344.51,-279.06
2025-07-26,344.46,-278.61
2025-07-27,345.25,-278.24
2025-07-28,345.56,-278.24
2025-07-29,345.61,-279.01
2025-07-30,345.28,-279.05
2025-07-31,344.44,-278.34
2025-08-01,344.89,-278.99
2025-08-02,345.12,-278.76
2025-08-03,345.31,-278.98
2025-08-04,345.64,-279.07
